uniprot_id	protein_variant	am_pathogenicity	am_class
Q9NV35	M1A	0.282	benign
Q9NV35	M1C	0.2456	benign
Q9NV35	M1D	0.7147	pathogenic
Q9NV35	M1E	0.4959	ambiguous
Q9NV35	M1F	0.193	benign
Q9NV35	M1G	0.4521	ambiguous
Q9NV35	M1H	0.4816	ambiguous
Q9NV35	M1I	0.3365	benign
Q9NV35	M1K	0.3496	ambiguous
Q9NV35	M1L	0.1426	benign
Q9NV35	M1N	0.5092	ambiguous
Q9NV35	M1P	0.4744	ambiguous
Q9NV35	M1Q	0.209	benign
Q9NV35	M1R	0.294	benign
Q9NV35	M1S	0.3473	ambiguous
Q9NV35	M1T	0.3195	benign
Q9NV35	M1V	0.0922	benign
Q9NV35	M1W	0.405	ambiguous
Q9NV35	M1Y	0.4327	ambiguous
Q9NV35	T2A	0.0775	benign
Q9NV35	T2C	0.3116	benign
Q9NV35	T2D	0.1917	benign
Q9NV35	T2E	0.1622	benign
Q9NV35	T2F	0.188	benign
Q9NV35	T2G	0.1427	benign
Q9NV35	T2H	0.1984	benign
Q9NV35	T2I	0.1916	benign
Q9NV35	T2K	0.163	benign
Q9NV35	T2L	0.141	benign
Q9NV35	T2M	0.1838	benign
Q9NV35	T2N	0.1131	benign
Q9NV35	T2P	0.08	benign
Q9NV35	T2Q	0.1755	benign
Q9NV35	T2R	0.1266	benign
Q9NV35	T2S	0.0979	benign
Q9NV35	T2V	0.1711	benign
Q9NV35	T2W	0.424	ambiguous
Q9NV35	T2Y	0.2297	benign
Q9NV35	A3C	0.2386	benign
Q9NV35	A3D	0.109	benign
Q9NV35	A3E	0.132	benign
Q9NV35	A3F	0.1894	benign
Q9NV35	A3G	0.0875	benign
Q9NV35	A3H	0.2253	benign
Q9NV35	A3I	0.2148	benign
Q9NV35	A3K	0.2218	benign
Q9NV35	A3L	0.1491	benign
Q9NV35	A3M	0.2939	benign
Q9NV35	A3N	0.1543	benign
Q9NV35	A3P	0.0921	benign
Q9NV35	A3Q	0.1862	benign
Q9NV35	A3R	0.1597	benign
Q9NV35	A3S	0.0789	benign
Q9NV35	A3T	0.0858	benign
Q9NV35	A3V	0.1257	benign
Q9NV35	A3W	0.3748	ambiguous
Q9NV35	A3Y	0.2294	benign
Q9NV35	S4A	0.0675	benign
Q9NV35	S4C	0.103	benign
Q9NV35	S4D	0.139	benign
Q9NV35	S4E	0.1532	benign
Q9NV35	S4F	0.1615	benign
Q9NV35	S4G	0.0747	benign
Q9NV35	S4H	0.1871	benign
Q9NV35	S4I	0.1401	benign
Q9NV35	S4K	0.2428	benign
Q9NV35	S4L	0.1446	benign
Q9NV35	S4M	0.2237	benign
Q9NV35	S4N	0.1245	benign
Q9NV35	S4P	0.0954	benign
Q9NV35	S4Q	0.2141	benign
Q9NV35	S4R	0.1912	benign
Q9NV35	S4T	0.084	benign
Q9NV35	S4V	0.1264	benign
Q9NV35	S4W	0.2094	benign
Q9NV35	S4Y	0.1496	benign
Q9NV35	A5C	0.2063	benign
Q9NV35	A5D	0.1089	benign
Q9NV35	A5E	0.1089	benign
Q9NV35	A5F	0.15	benign
Q9NV35	A5G	0.0817	benign
Q9NV35	A5H	0.1825	benign
Q9NV35	A5I	0.1803	benign
Q9NV35	A5K	0.194	benign
Q9NV35	A5L	0.1227	benign
Q9NV35	A5M	0.2611	benign
Q9NV35	A5N	0.1466	benign
Q9NV35	A5P	0.0887	benign
Q9NV35	A5Q	0.1444	benign
Q9NV35	A5R	0.13	benign
Q9NV35	A5S	0.0739	benign
Q9NV35	A5T	0.0873	benign
Q9NV35	A5V	0.1107	benign
Q9NV35	A5W	0.3137	benign
Q9NV35	A5Y	0.2002	benign
Q9NV35	Q6A	0.0828	benign
Q9NV35	Q6C	0.3787	ambiguous
Q9NV35	Q6D	0.1378	benign
Q9NV35	Q6E	0.0645	benign
Q9NV35	Q6F	0.2611	benign
Q9NV35	Q6G	0.0998	benign
Q9NV35	Q6H	0.15	benign
Q9NV35	Q6I	0.1722	benign
Q9NV35	Q6K	0.0885	benign
Q9NV35	Q6L	0.098	benign
Q9NV35	Q6M	0.2415	benign
Q9NV35	Q6N	0.1488	benign
Q9NV35	Q6P	0.0722	benign
Q9NV35	Q6R	0.0852	benign
Q9NV35	Q6S	0.0875	benign
Q9NV35	Q6T	0.1008	benign
Q9NV35	Q6V	0.1075	benign
Q9NV35	Q6W	0.3383	benign
Q9NV35	Q6Y	0.2333	benign
Q9NV35	P7A	0.0723	benign
Q9NV35	P7C	0.2643	benign
Q9NV35	P7D	0.1622	benign
Q9NV35	P7E	0.1045	benign
Q9NV35	P7F	0.245	benign
Q9NV35	P7G	0.1163	benign
Q9NV35	P7H	0.1153	benign
Q9NV35	P7I	0.1707	benign
Q9NV35	P7K	0.1269	benign
Q9NV35	P7L	0.1075	benign
Q9NV35	P7M	0.228	benign
Q9NV35	P7N	0.1587	benign
Q9NV35	P7Q	0.084	benign
Q9NV35	P7R	0.0832	benign
Q9NV35	P7S	0.0913	benign
Q9NV35	P7T	0.082	benign
Q9NV35	P7V	0.1267	benign
Q9NV35	P7W	0.3198	benign
Q9NV35	P7Y	0.2289	benign
Q9NV35	R8A	0.1312	benign
Q9NV35	R8C	0.219	benign
Q9NV35	R8D	0.2707	benign
Q9NV35	R8E	0.16	benign
Q9NV35	R8F	0.2841	benign
Q9NV35	R8G	0.1016	benign
Q9NV35	R8H	0.1478	benign
Q9NV35	R8I	0.1737	benign
Q9NV35	R8K	0.102	benign
Q9NV35	R8L	0.1401	benign
Q9NV35	R8M	0.2267	benign
Q9NV35	R8N	0.3046	benign
Q9NV35	R8P	0.131	benign
Q9NV35	R8Q	0.1096	benign
Q9NV35	R8S	0.2007	benign
Q9NV35	R8T	0.1281	benign
Q9NV35	R8V	0.1796	benign
Q9NV35	R8W	0.1882	benign
Q9NV35	R8Y	0.3051	benign
Q9NV35	G9A	0.1235	benign
Q9NV35	G9C	0.2037	benign
Q9NV35	G9D	0.1769	benign
Q9NV35	G9E	0.1204	benign
Q9NV35	G9F	0.3226	benign
Q9NV35	G9H	0.3263	benign
Q9NV35	G9I	0.1653	benign
Q9NV35	G9K	0.2791	benign
Q9NV35	G9L	0.2254	benign
Q9NV35	G9M	0.3523	ambiguous
Q9NV35	G9N	0.2841	benign
Q9NV35	G9P	0.2309	benign
Q9NV35	G9Q	0.2212	benign
Q9NV35	G9R	0.2094	benign
Q9NV35	G9S	0.1558	benign
Q9NV35	G9T	0.1433	benign
Q9NV35	G9V	0.1111	benign
Q9NV35	G9W	0.2592	benign
Q9NV35	G9Y	0.3028	benign
Q9NV35	R10A	0.223	benign
Q9NV35	R10C	0.2383	benign
Q9NV35	R10D	0.3793	ambiguous
Q9NV35	R10E	0.2183	benign
Q9NV35	R10F	0.3659	ambiguous
Q9NV35	R10G	0.1315	benign
Q9NV35	R10H	0.1702	benign
Q9NV35	R10I	0.1827	benign
Q9NV35	R10K	0.1007	benign
Q9NV35	R10L	0.154	benign
Q9NV35	R10M	0.2417	benign
Q9NV35	R10N	0.3602	ambiguous
Q9NV35	R10P	0.1847	benign
Q9NV35	R10Q	0.1118	benign
Q9NV35	R10S	0.2832	benign
Q9NV35	R10T	0.1689	benign
Q9NV35	R10V	0.2246	benign
Q9NV35	R10W	0.2317	benign
Q9NV35	R10Y	0.3648	ambiguous
Q9NV35	R11A	0.7288	pathogenic
Q9NV35	R11C	0.6092	pathogenic
Q9NV35	R11D	0.8519	pathogenic
Q9NV35	R11E	0.6717	pathogenic
Q9NV35	R11F	0.6904	pathogenic
Q9NV35	R11G	0.582	pathogenic
Q9NV35	R11H	0.5049	ambiguous
Q9NV35	R11I	0.5021	ambiguous
Q9NV35	R11K	0.4166	ambiguous
Q9NV35	R11L	0.5148	ambiguous
Q9NV35	R11M	0.78	pathogenic
Q9NV35	R11N	0.8279	pathogenic
Q9NV35	R11P	0.583	pathogenic
Q9NV35	R11Q	0.4751	ambiguous
Q9NV35	R11S	0.8185	pathogenic
Q9NV35	R11T	0.7052	pathogenic
Q9NV35	R11V	0.5722	pathogenic
Q9NV35	R11W	0.5581	ambiguous
Q9NV35	R11Y	0.6434	pathogenic
Q9NV35	P12A	0.4909	ambiguous
Q9NV35	P12C	0.8845	pathogenic
Q9NV35	P12D	0.9797	pathogenic
Q9NV35	P12E	0.9346	pathogenic
Q9NV35	P12F	0.972	pathogenic
Q9NV35	P12G	0.8786	pathogenic
Q9NV35	P12H	0.9519	pathogenic
Q9NV35	P12I	0.6596	pathogenic
Q9NV35	P12K	0.9483	pathogenic
Q9NV35	P12L	0.734	pathogenic
Q9NV35	P12M	0.9307	pathogenic
Q9NV35	P12N	0.9752	pathogenic
Q9NV35	P12Q	0.9173	pathogenic
Q9NV35	P12R	0.8433	pathogenic
Q9NV35	P12S	0.8789	pathogenic
Q9NV35	P12T	0.705	pathogenic
Q9NV35	P12V	0.4842	ambiguous
Q9NV35	P12W	0.9854	pathogenic
Q9NV35	P12Y	0.9795	pathogenic
Q9NV35	G13A	0.226	benign
Q9NV35	G13C	0.4702	ambiguous
Q9NV35	G13D	0.7999	pathogenic
Q9NV35	G13E	0.6256	pathogenic
Q9NV35	G13F	0.7489	pathogenic
Q9NV35	G13H	0.7851	pathogenic
Q9NV35	G13I	0.6122	pathogenic
Q9NV35	G13K	0.6757	pathogenic
Q9NV35	G13L	0.6061	pathogenic
Q9NV35	G13M	0.7123	pathogenic
Q9NV35	G13N	0.8127	pathogenic
Q9NV35	G13P	0.9411	pathogenic
Q9NV35	G13Q	0.6166	pathogenic
Q9NV35	G13R	0.5166	ambiguous
Q9NV35	G13S	0.3932	ambiguous
Q9NV35	G13T	0.5319	ambiguous
Q9NV35	G13V	0.463	ambiguous
Q9NV35	G13W	0.6718	pathogenic
Q9NV35	G13Y	0.7303	pathogenic
Q9NV35	V14A	0.5936	pathogenic
Q9NV35	V14C	0.8989	pathogenic
Q9NV35	V14D	0.9335	pathogenic
Q9NV35	V14E	0.9004	pathogenic
Q9NV35	V14F	0.6817	pathogenic
Q9NV35	V14G	0.6007	pathogenic
Q9NV35	V14H	0.9781	pathogenic
Q9NV35	V14I	0.1203	benign
Q9NV35	V14K	0.9395	pathogenic
Q9NV35	V14L	0.7114	pathogenic
Q9NV35	V14M	0.7461	pathogenic
Q9NV35	V14N	0.8906	pathogenic
Q9NV35	V14P	0.8891	pathogenic
Q9NV35	V14Q	0.9349	pathogenic
Q9NV35	V14R	0.8713	pathogenic
Q9NV35	V14S	0.7474	pathogenic
Q9NV35	V14T	0.5802	pathogenic
Q9NV35	V14W	0.9775	pathogenic
Q9NV35	V14Y	0.9525	pathogenic
Q9NV35	G15A	0.5453	ambiguous
Q9NV35	G15C	0.8118	pathogenic
Q9NV35	G15D	0.9627	pathogenic
Q9NV35	G15E	0.944	pathogenic
Q9NV35	G15F	0.9656	pathogenic
Q9NV35	G15H	0.985	pathogenic
Q9NV35	G15I	0.9023	pathogenic
Q9NV35	G15K	0.9746	pathogenic
Q9NV35	G15L	0.9379	pathogenic
Q9NV35	G15M	0.9728	pathogenic
Q9NV35	G15N	0.984	pathogenic
Q9NV35	G15P	0.9857	pathogenic
Q9NV35	G15Q	0.9654	pathogenic
Q9NV35	G15R	0.9071	pathogenic
Q9NV35	G15S	0.7927	pathogenic
Q9NV35	G15T	0.8858	pathogenic
Q9NV35	G15V	0.8383	pathogenic
Q9NV35	G15W	0.9344	pathogenic
Q9NV35	G15Y	0.9731	pathogenic
Q9NV35	V16A	0.631	pathogenic
Q9NV35	V16C	0.8397	pathogenic
Q9NV35	V16D	0.9387	pathogenic
Q9NV35	V16E	0.9121	pathogenic
Q9NV35	V16F	0.7237	pathogenic
Q9NV35	V16G	0.5868	pathogenic
Q9NV35	V16H	0.9798	pathogenic
Q9NV35	V16I	0.108	benign
Q9NV35	V16K	0.9368	pathogenic
Q9NV35	V16L	0.5585	ambiguous
Q9NV35	V16M	0.6335	pathogenic
Q9NV35	V16N	0.8826	pathogenic
Q9NV35	V16P	0.9451	pathogenic
Q9NV35	V16Q	0.9324	pathogenic
Q9NV35	V16R	0.8841	pathogenic
Q9NV35	V16S	0.7763	pathogenic
Q9NV35	V16T	0.5761	pathogenic
Q9NV35	V16W	0.9787	pathogenic
Q9NV35	V16Y	0.956	pathogenic
Q9NV35	G17A	0.2538	benign
Q9NV35	G17C	0.6075	pathogenic
Q9NV35	G17D	0.9572	pathogenic
Q9NV35	G17E	0.9392	pathogenic
Q9NV35	G17F	0.9432	pathogenic
Q9NV35	G17H	0.9776	pathogenic
Q9NV35	G17I	0.8593	pathogenic
Q9NV35	G17K	0.9792	pathogenic
Q9NV35	G17L	0.8847	pathogenic
Q9NV35	G17M	0.9205	pathogenic
Q9NV35	G17N	0.9592	pathogenic
Q9NV35	G17P	0.9899	pathogenic
Q9NV35	G17Q	0.9437	pathogenic
Q9NV35	G17R	0.9257	pathogenic
Q9NV35	G17S	0.5075	ambiguous
Q9NV35	G17T	0.7642	pathogenic
Q9NV35	G17V	0.7499	pathogenic
Q9NV35	G17W	0.9097	pathogenic
Q9NV35	G17Y	0.9529	pathogenic
Q9NV35	V18A	0.5257	ambiguous
Q9NV35	V18C	0.8301	pathogenic
Q9NV35	V18D	0.9236	pathogenic
Q9NV35	V18E	0.9198	pathogenic
Q9NV35	V18F	0.7703	pathogenic
Q9NV35	V18G	0.5349	ambiguous
Q9NV35	V18H	0.9803	pathogenic
Q9NV35	V18I	0.1886	benign
Q9NV35	V18K	0.9549	pathogenic
Q9NV35	V18L	0.7755	pathogenic
Q9NV35	V18M	0.7046	pathogenic
Q9NV35	V18N	0.8436	pathogenic
Q9NV35	V18P	0.9769	pathogenic
Q9NV35	V18Q	0.934	pathogenic
Q9NV35	V18R	0.9068	pathogenic
Q9NV35	V18S	0.6628	pathogenic
Q9NV35	V18T	0.5763	pathogenic
Q9NV35	V18W	0.9897	pathogenic
Q9NV35	V18Y	0.9638	pathogenic
Q9NV35	V19A	0.4409	ambiguous
Q9NV35	V19C	0.8183	pathogenic
Q9NV35	V19D	0.9614	pathogenic
Q9NV35	V19E	0.9237	pathogenic
Q9NV35	V19F	0.2708	benign
Q9NV35	V19G	0.6107	pathogenic
Q9NV35	V19H	0.9592	pathogenic
Q9NV35	V19I	0.1089	benign
Q9NV35	V19K	0.9553	pathogenic
Q9NV35	V19L	0.254	benign
Q9NV35	V19M	0.426	ambiguous
Q9NV35	V19N	0.9348	pathogenic
Q9NV35	V19P	0.9278	pathogenic
Q9NV35	V19Q	0.92	pathogenic
Q9NV35	V19R	0.8839	pathogenic
Q9NV35	V19S	0.7741	pathogenic
Q9NV35	V19T	0.6837	pathogenic
Q9NV35	V19W	0.9	pathogenic
Q9NV35	V19Y	0.8386	pathogenic
Q9NV35	V20A	0.7325	pathogenic
Q9NV35	V20C	0.9286	pathogenic
Q9NV35	V20D	0.984	pathogenic
Q9NV35	V20E	0.9669	pathogenic
Q9NV35	V20F	0.8153	pathogenic
Q9NV35	V20G	0.7834	pathogenic
Q9NV35	V20H	0.9918	pathogenic
Q9NV35	V20I	0.1267	benign
Q9NV35	V20K	0.9728	pathogenic
Q9NV35	V20L	0.5147	ambiguous
Q9NV35	V20M	0.765	pathogenic
Q9NV35	V20N	0.9704	pathogenic
Q9NV35	V20P	0.9244	pathogenic
Q9NV35	V20Q	0.9679	pathogenic
Q9NV35	V20R	0.9466	pathogenic
Q9NV35	V20S	0.9052	pathogenic
Q9NV35	V20T	0.8408	pathogenic
Q9NV35	V20W	0.9908	pathogenic
Q9NV35	V20Y	0.9793	pathogenic
Q9NV35	T21A	0.1872	benign
Q9NV35	T21C	0.452	ambiguous
Q9NV35	T21D	0.7183	pathogenic
Q9NV35	T21E	0.5573	ambiguous
Q9NV35	T21F	0.2866	benign
Q9NV35	T21G	0.4351	ambiguous
Q9NV35	T21H	0.4422	ambiguous
Q9NV35	T21I	0.1888	benign
Q9NV35	T21K	0.3895	ambiguous
Q9NV35	T21L	0.098	benign
Q9NV35	T21M	0.1327	benign
Q9NV35	T21N	0.3418	ambiguous
Q9NV35	T21P	0.4399	ambiguous
Q9NV35	T21Q	0.3953	ambiguous
Q9NV35	T21R	0.2837	benign
Q9NV35	T21S	0.2054	benign
Q9NV35	T21V	0.15	benign
Q9NV35	T21W	0.6016	pathogenic
Q9NV35	T21Y	0.3854	ambiguous
Q9NV35	S22A	0.2576	benign
Q9NV35	S22C	0.2498	benign
Q9NV35	S22D	0.6789	pathogenic
Q9NV35	S22E	0.928	pathogenic
Q9NV35	S22F	0.7815	pathogenic
Q9NV35	S22G	0.2866	benign
Q9NV35	S22H	0.6503	pathogenic
Q9NV35	S22I	0.8361	pathogenic
Q9NV35	S22K	0.9807	pathogenic
Q9NV35	S22L	0.6416	pathogenic
Q9NV35	S22M	0.8531	pathogenic
Q9NV35	S22N	0.5817	pathogenic
Q9NV35	S22P	0.9159	pathogenic
Q9NV35	S22Q	0.924	pathogenic
Q9NV35	S22R	0.9483	pathogenic
Q9NV35	S22T	0.357	ambiguous
Q9NV35	S22V	0.7692	pathogenic
Q9NV35	S22W	0.6768	pathogenic
Q9NV35	S22Y	0.578	pathogenic
Q9NV35	C23A	0.0921	benign
Q9NV35	C23D	0.116	benign
Q9NV35	C23E	0.1392	benign
Q9NV35	C23F	0.1072	benign
Q9NV35	C23G	0.0676	benign
Q9NV35	C23H	0.111	benign
Q9NV35	C23I	0.1881	benign
Q9NV35	C23K	0.1492	benign
Q9NV35	C23L	0.1321	benign
Q9NV35	C23M	0.2742	benign
Q9NV35	C23N	0.1263	benign
Q9NV35	C23P	0.0787	benign
Q9NV35	C23Q	0.1198	benign
Q9NV35	C23R	0.0772	benign
Q9NV35	C23S	0.068	benign
Q9NV35	C23T	0.1213	benign
Q9NV35	C23V	0.1449	benign
Q9NV35	C23W	0.1641	benign
Q9NV35	C23Y	0.1136	benign
Q9NV35	K24A	0.1796	benign
Q9NV35	K24C	0.3845	ambiguous
Q9NV35	K24D	0.2746	benign
Q9NV35	K24E	0.1043	benign
Q9NV35	K24F	0.4807	ambiguous
Q9NV35	K24G	0.2447	benign
Q9NV35	K24H	0.1756	benign
Q9NV35	K24I	0.1959	benign
Q9NV35	K24L	0.169	benign
Q9NV35	K24M	0.1793	benign
Q9NV35	K24N	0.2324	benign
Q9NV35	K24P	0.4236	ambiguous
Q9NV35	K24Q	0.0939	benign
Q9NV35	K24R	0.0712	benign
Q9NV35	K24S	0.2062	benign
Q9NV35	K24T	0.1212	benign
Q9NV35	K24V	0.1867	benign
Q9NV35	K24W	0.4813	ambiguous
Q9NV35	K24Y	0.3303	benign
Q9NV35	H25A	0.807	pathogenic
Q9NV35	H25C	0.5091	ambiguous
Q9NV35	H25D	0.6417	pathogenic
Q9NV35	H25E	0.7258	pathogenic
Q9NV35	H25F	0.4172	ambiguous
Q9NV35	H25G	0.8099	pathogenic
Q9NV35	H25I	0.6944	pathogenic
Q9NV35	H25K	0.6094	pathogenic
Q9NV35	H25L	0.4425	ambiguous
Q9NV35	H25M	0.8242	pathogenic
Q9NV35	H25N	0.3176	benign
Q9NV35	H25P	0.5431	ambiguous
Q9NV35	H25Q	0.6119	pathogenic
Q9NV35	H25R	0.3992	ambiguous
Q9NV35	H25S	0.685	pathogenic
Q9NV35	H25T	0.7874	pathogenic
Q9NV35	H25V	0.7042	pathogenic
Q9NV35	H25W	0.4544	ambiguous
Q9NV35	H25Y	0.1198	benign
Q9NV35	P26A	0.1753	benign
Q9NV35	P26C	0.5818	pathogenic
Q9NV35	P26D	0.3915	ambiguous
Q9NV35	P26E	0.26	benign
Q9NV35	P26F	0.7019	pathogenic
Q9NV35	P26G	0.3255	benign
Q9NV35	P26H	0.2462	benign
Q9NV35	P26I	0.6254	pathogenic
Q9NV35	P26K	0.3096	benign
Q9NV35	P26L	0.2608	benign
Q9NV35	P26M	0.5989	pathogenic
Q9NV35	P26N	0.4205	ambiguous
Q9NV35	P26Q	0.1971	benign
Q9NV35	P26R	0.1638	benign
Q9NV35	P26S	0.1638	benign
Q9NV35	P26T	0.2282	benign
Q9NV35	P26V	0.4541	ambiguous
Q9NV35	P26W	0.6476	pathogenic
Q9NV35	P26Y	0.5834	pathogenic
Q9NV35	R27A	0.1822	benign
Q9NV35	R27C	0.1257	benign
Q9NV35	R27D	0.2199	benign
Q9NV35	R27E	0.1958	benign
Q9NV35	R27F	0.3428	ambiguous
Q9NV35	R27G	0.0646	benign
Q9NV35	R27H	0.0783	benign
Q9NV35	R27I	0.3293	benign
Q9NV35	R27K	0.1097	benign
Q9NV35	R27L	0.1708	benign
Q9NV35	R27M	0.2522	benign
Q9NV35	R27N	0.1897	benign
Q9NV35	R27P	0.5628	ambiguous
Q9NV35	R27Q	0.0834	benign
Q9NV35	R27S	0.1648	benign
Q9NV35	R27T	0.1498	benign
Q9NV35	R27V	0.3089	benign
Q9NV35	R27W	0.1704	benign
Q9NV35	R27Y	0.2175	benign
Q9NV35	C28A	0.5868	pathogenic
Q9NV35	C28D	0.9045	pathogenic
Q9NV35	C28E	0.9008	pathogenic
Q9NV35	C28F	0.3833	ambiguous
Q9NV35	C28G	0.3937	ambiguous
Q9NV35	C28H	0.568	pathogenic
Q9NV35	C28I	0.8417	pathogenic
Q9NV35	C28K	0.8117	pathogenic
Q9NV35	C28L	0.7201	pathogenic
Q9NV35	C28M	0.7907	pathogenic
Q9NV35	C28N	0.7623	pathogenic
Q9NV35	C28P	0.9915	pathogenic
Q9NV35	C28Q	0.7139	pathogenic
Q9NV35	C28R	0.5022	ambiguous
Q9NV35	C28S	0.5171	ambiguous
Q9NV35	C28T	0.7057	pathogenic
Q9NV35	C28V	0.7055	pathogenic
Q9NV35	C28W	0.6604	pathogenic
Q9NV35	C28Y	0.4068	ambiguous
Q9NV35	V29A	0.696	pathogenic
Q9NV35	V29C	0.8532	pathogenic
Q9NV35	V29D	0.984	pathogenic
Q9NV35	V29E	0.965	pathogenic
Q9NV35	V29F	0.467	ambiguous
Q9NV35	V29G	0.7322	pathogenic
Q9NV35	V29H	0.9749	pathogenic
Q9NV35	V29I	0.1163	benign
Q9NV35	V29K	0.9634	pathogenic
Q9NV35	V29L	0.478	ambiguous
Q9NV35	V29M	0.6034	pathogenic
Q9NV35	V29N	0.9616	pathogenic
Q9NV35	V29P	0.9518	pathogenic
Q9NV35	V29Q	0.9437	pathogenic
Q9NV35	V29R	0.8938	pathogenic
Q9NV35	V29S	0.8654	pathogenic
Q9NV35	V29T	0.809	pathogenic
Q9NV35	V29W	0.9663	pathogenic
Q9NV35	V29Y	0.9139	pathogenic
Q9NV35	L30A	0.9269	pathogenic
Q9NV35	L30C	0.9222	pathogenic
Q9NV35	L30D	0.9984	pathogenic
Q9NV35	L30E	0.9917	pathogenic
Q9NV35	L30F	0.7519	pathogenic
Q9NV35	L30G	0.9813	pathogenic
Q9NV35	L30H	0.9786	pathogenic
Q9NV35	L30I	0.2787	benign
Q9NV35	L30K	0.9781	pathogenic
Q9NV35	L30M	0.5857	pathogenic
Q9NV35	L30N	0.9912	pathogenic
Q9NV35	L30P	0.9341	pathogenic
Q9NV35	L30Q	0.966	pathogenic
Q9NV35	L30R	0.937	pathogenic
Q9NV35	L30S	0.9847	pathogenic
Q9NV35	L30T	0.9641	pathogenic
Q9NV35	L30V	0.3073	benign
Q9NV35	L30W	0.9318	pathogenic
Q9NV35	L30Y	0.9576	pathogenic
Q9NV35	L31A	0.6237	pathogenic
Q9NV35	L31C	0.7294	pathogenic
Q9NV35	L31D	0.9935	pathogenic
Q9NV35	L31E	0.9614	pathogenic
Q9NV35	L31F	0.4691	ambiguous
Q9NV35	L31G	0.9015	pathogenic
Q9NV35	L31H	0.9245	pathogenic
Q9NV35	L31I	0.1477	benign
Q9NV35	L31K	0.9197	pathogenic
Q9NV35	L31M	0.2496	benign
Q9NV35	L31N	0.9732	pathogenic
Q9NV35	L31P	0.9094	pathogenic
Q9NV35	L31Q	0.8582	pathogenic
Q9NV35	L31R	0.8168	pathogenic
Q9NV35	L31S	0.8956	pathogenic
Q9NV35	L31T	0.6241	pathogenic
Q9NV35	L31V	0.128	benign
Q9NV35	L31W	0.7176	pathogenic
Q9NV35	L31Y	0.8865	pathogenic
Q9NV35	G32A	0.726	pathogenic
Q9NV35	G32C	0.8399	pathogenic
Q9NV35	G32D	0.9809	pathogenic
Q9NV35	G32E	0.9654	pathogenic
Q9NV35	G32F	0.9887	pathogenic
Q9NV35	G32H	0.9896	pathogenic
Q9NV35	G32I	0.9747	pathogenic
Q9NV35	G32K	0.9864	pathogenic
Q9NV35	G32L	0.9672	pathogenic
Q9NV35	G32M	0.9856	pathogenic
Q9NV35	G32N	0.9853	pathogenic
Q9NV35	G32P	0.996	pathogenic
Q9NV35	G32Q	0.9631	pathogenic
Q9NV35	G32R	0.9491	pathogenic
Q9NV35	G32S	0.7653	pathogenic
Q9NV35	G32T	0.9472	pathogenic
Q9NV35	G32V	0.943	pathogenic
Q9NV35	G32W	0.959	pathogenic
Q9NV35	G32Y	0.9854	pathogenic
Q9NV35	K33A	0.7747	pathogenic
Q9NV35	K33C	0.718	pathogenic
Q9NV35	K33D	0.9551	pathogenic
Q9NV35	K33E	0.4652	ambiguous
Q9NV35	K33F	0.8358	pathogenic
Q9NV35	K33G	0.8204	pathogenic
Q9NV35	K33H	0.5125	ambiguous
Q9NV35	K33I	0.4734	ambiguous
Q9NV35	K33L	0.4596	ambiguous
Q9NV35	K33M	0.3911	ambiguous
Q9NV35	K33N	0.8477	pathogenic
Q9NV35	K33P	0.9445	pathogenic
Q9NV35	K33Q	0.2287	benign
Q9NV35	K33R	0.081	benign
Q9NV35	K33S	0.8608	pathogenic
Q9NV35	K33T	0.6089	pathogenic
Q9NV35	K33V	0.4844	ambiguous
Q9NV35	K33W	0.7277	pathogenic
Q9NV35	K33Y	0.7405	pathogenic
Q9NV35	R34A	0.9763	pathogenic
Q9NV35	R34C	0.8298	pathogenic
Q9NV35	R34D	0.9846	pathogenic
Q9NV35	R34E	0.9073	pathogenic
Q9NV35	R34F	0.9863	pathogenic
Q9NV35	R34G	0.9123	pathogenic
Q9NV35	R34H	0.8267	pathogenic
Q9NV35	R34I	0.9522	pathogenic
Q9NV35	R34K	0.785	pathogenic
Q9NV35	R34L	0.9309	pathogenic
Q9NV35	R34M	0.9721	pathogenic
Q9NV35	R34N	0.9837	pathogenic
Q9NV35	R34P	0.9736	pathogenic
Q9NV35	R34Q	0.7667	pathogenic
Q9NV35	R34S	0.9846	pathogenic
Q9NV35	R34T	0.9713	pathogenic
Q9NV35	R34V	0.9646	pathogenic
Q9NV35	R34W	0.7774	pathogenic
Q9NV35	R34Y	0.9457	pathogenic
Q9NV35	K35A	0.497	ambiguous
Q9NV35	K35C	0.7083	pathogenic
Q9NV35	K35D	0.9033	pathogenic
Q9NV35	K35E	0.4502	ambiguous
Q9NV35	K35F	0.8769	pathogenic
Q9NV35	K35G	0.6273	pathogenic
Q9NV35	K35H	0.5896	pathogenic
Q9NV35	K35I	0.3561	ambiguous
Q9NV35	K35L	0.3294	benign
Q9NV35	K35M	0.2933	benign
Q9NV35	K35N	0.7237	pathogenic
Q9NV35	K35P	0.9221	pathogenic
Q9NV35	K35Q	0.2511	benign
Q9NV35	K35R	0.0876	benign
Q9NV35	K35S	0.6968	pathogenic
Q9NV35	K35T	0.3468	ambiguous
Q9NV35	K35V	0.3797	ambiguous
Q9NV35	K35W	0.8502	pathogenic
Q9NV35	K35Y	0.8138	pathogenic
Q9NV35	G36A	0.2927	benign
Q9NV35	G36C	0.3943	ambiguous
Q9NV35	G36D	0.4946	ambiguous
Q9NV35	G36E	0.6248	pathogenic
Q9NV35	G36F	0.8238	pathogenic
Q9NV35	G36H	0.713	pathogenic
Q9NV35	G36I	0.6772	pathogenic
Q9NV35	G36K	0.8084	pathogenic
Q9NV35	G36L	0.7761	pathogenic
Q9NV35	G36M	0.7981	pathogenic
Q9NV35	G36N	0.4031	ambiguous
Q9NV35	G36P	0.9447	pathogenic
Q9NV35	G36Q	0.7224	pathogenic
Q9NV35	G36R	0.6974	pathogenic
Q9NV35	G36S	0.1797	benign
Q9NV35	G36T	0.3499	ambiguous
Q9NV35	G36V	0.503	ambiguous
Q9NV35	G36W	0.6996	pathogenic
Q9NV35	G36Y	0.7013	pathogenic
Q9NV35	S37A	0.0912	benign
Q9NV35	S37C	0.1342	benign
Q9NV35	S37D	0.4246	ambiguous
Q9NV35	S37E	0.4435	ambiguous
Q9NV35	S37F	0.3004	benign
Q9NV35	S37G	0.1064	benign
Q9NV35	S37H	0.3836	ambiguous
Q9NV35	S37I	0.2167	benign
Q9NV35	S37K	0.5237	ambiguous
Q9NV35	S37L	0.1674	benign
Q9NV35	S37M	0.2514	benign
Q9NV35	S37N	0.2307	benign
Q9NV35	S37P	0.1932	benign
Q9NV35	S37Q	0.4578	ambiguous
Q9NV35	S37R	0.4665	ambiguous
Q9NV35	S37T	0.1034	benign
Q9NV35	S37V	0.2035	benign
Q9NV35	S37W	0.3516	ambiguous
Q9NV35	S37Y	0.2983	benign
Q9NV35	V38A	0.1516	benign
Q9NV35	V38C	0.4019	ambiguous
Q9NV35	V38D	0.4217	ambiguous
Q9NV35	V38E	0.3878	ambiguous
Q9NV35	V38F	0.1083	benign
Q9NV35	V38G	0.2165	benign
Q9NV35	V38H	0.3122	benign
Q9NV35	V38I	0.0995	benign
Q9NV35	V38K	0.3368	benign
Q9NV35	V38L	0.2172	benign
Q9NV35	V38M	0.2226	benign
Q9NV35	V38N	0.3148	benign
Q9NV35	V38P	0.3588	ambiguous
Q9NV35	V38Q	0.3264	benign
Q9NV35	V38R	0.2432	benign
Q9NV35	V38S	0.1938	benign
Q9NV35	V38T	0.1469	benign
Q9NV35	V38W	0.5202	ambiguous
Q9NV35	V38Y	0.3568	ambiguous
Q9NV35	G39A	0.4226	ambiguous
Q9NV35	G39C	0.6524	pathogenic
Q9NV35	G39D	0.85	pathogenic
Q9NV35	G39E	0.8341	pathogenic
Q9NV35	G39F	0.8672	pathogenic
Q9NV35	G39H	0.9222	pathogenic
Q9NV35	G39I	0.8492	pathogenic
Q9NV35	G39K	0.9222	pathogenic
Q9NV35	G39L	0.8428	pathogenic
Q9NV35	G39M	0.8913	pathogenic
Q9NV35	G39N	0.9041	pathogenic
Q9NV35	G39P	0.9505	pathogenic
Q9NV35	G39Q	0.8734	pathogenic
Q9NV35	G39R	0.824	pathogenic
Q9NV35	G39S	0.5536	ambiguous
Q9NV35	G39T	0.728	pathogenic
Q9NV35	G39V	0.7351	pathogenic
Q9NV35	G39W	0.7903	pathogenic
Q9NV35	G39Y	0.8727	pathogenic
Q9NV35	A40C	0.3505	ambiguous
Q9NV35	A40D	0.1736	benign
Q9NV35	A40E	0.1419	benign
Q9NV35	A40F	0.2648	benign
Q9NV35	A40G	0.1283	benign
Q9NV35	A40H	0.2789	benign
Q9NV35	A40I	0.304	benign
Q9NV35	A40K	0.252	benign
Q9NV35	A40L	0.2169	benign
Q9NV35	A40M	0.2736	benign
Q9NV35	A40N	0.2195	benign
Q9NV35	A40P	0.3045	benign
Q9NV35	A40Q	0.1986	benign
Q9NV35	A40R	0.1957	benign
Q9NV35	A40S	0.0895	benign
Q9NV35	A40T	0.1118	benign
Q9NV35	A40V	0.1616	benign
Q9NV35	A40W	0.5475	ambiguous
Q9NV35	A40Y	0.3283	benign
Q9NV35	G41A	0.4085	ambiguous
Q9NV35	G41C	0.4666	ambiguous
Q9NV35	G41D	0.358	ambiguous
Q9NV35	G41E	0.5515	ambiguous
Q9NV35	G41F	0.7984	pathogenic
Q9NV35	G41H	0.6184	pathogenic
Q9NV35	G41I	0.8329	pathogenic
Q9NV35	G41K	0.7188	pathogenic
Q9NV35	G41L	0.7641	pathogenic
Q9NV35	G41M	0.8461	pathogenic
Q9NV35	G41N	0.453	ambiguous
Q9NV35	G41P	0.9413	pathogenic
Q9NV35	G41Q	0.6003	pathogenic
Q9NV35	G41R	0.513	ambiguous
Q9NV35	G41S	0.2498	benign
Q9NV35	G41T	0.5394	ambiguous
Q9NV35	G41V	0.7105	pathogenic
Q9NV35	G41W	0.6697	pathogenic
Q9NV35	G41Y	0.6862	pathogenic
Q9NV35	S42A	0.1183	benign
Q9NV35	S42C	0.0696	benign
Q9NV35	S42D	0.4876	ambiguous
Q9NV35	S42E	0.4708	ambiguous
Q9NV35	S42F	0.2513	benign
Q9NV35	S42G	0.1238	benign
Q9NV35	S42H	0.2283	benign
Q9NV35	S42I	0.2859	benign
Q9NV35	S42K	0.4487	ambiguous
Q9NV35	S42L	0.1422	benign
Q9NV35	S42M	0.2136	benign
Q9NV35	S42N	0.2192	benign
Q9NV35	S42P	0.8181	pathogenic
Q9NV35	S42Q	0.3255	benign
Q9NV35	S42R	0.3454	ambiguous
Q9NV35	S42T	0.0828	benign
Q9NV35	S42V	0.2751	benign
Q9NV35	S42W	0.2727	benign
Q9NV35	S42Y	0.161	benign
Q9NV35	F43A	0.8802	pathogenic
Q9NV35	F43C	0.577	pathogenic
Q9NV35	F43D	0.9491	pathogenic
Q9NV35	F43E	0.9685	pathogenic
Q9NV35	F43G	0.937	pathogenic
Q9NV35	F43H	0.6896	pathogenic
Q9NV35	F43I	0.5278	ambiguous
Q9NV35	F43K	0.9428	pathogenic
Q9NV35	F43L	0.9046	pathogenic
Q9NV35	F43M	0.82	pathogenic
Q9NV35	F43N	0.8953	pathogenic
Q9NV35	F43P	0.9828	pathogenic
Q9NV35	F43Q	0.9301	pathogenic
Q9NV35	F43R	0.8634	pathogenic
Q9NV35	F43S	0.7715	pathogenic
Q9NV35	F43T	0.8849	pathogenic
Q9NV35	F43V	0.5095	ambiguous
Q9NV35	F43W	0.2595	benign
Q9NV35	F43Y	0.102	benign
Q9NV35	Q44A	0.1996	benign
Q9NV35	Q44C	0.7355	pathogenic
Q9NV35	Q44D	0.9551	pathogenic
Q9NV35	Q44E	0.437	ambiguous
Q9NV35	Q44F	0.9312	pathogenic
Q9NV35	Q44G	0.3316	benign
Q9NV35	Q44H	0.8429	pathogenic
Q9NV35	Q44I	0.8695	pathogenic
Q9NV35	Q44K	0.8805	pathogenic
Q9NV35	Q44L	0.6429	pathogenic
Q9NV35	Q44M	0.6223	pathogenic
Q9NV35	Q44N	0.7836	pathogenic
Q9NV35	Q44P	0.8418	pathogenic
Q9NV35	Q44R	0.8205	pathogenic
Q9NV35	Q44S	0.2181	benign
Q9NV35	Q44T	0.6195	pathogenic
Q9NV35	Q44V	0.7409	pathogenic
Q9NV35	Q44W	0.9757	pathogenic
Q9NV35	Q44Y	0.9418	pathogenic
Q9NV35	L45A	0.8511	pathogenic
Q9NV35	L45C	0.8064	pathogenic
Q9NV35	L45D	0.9926	pathogenic
Q9NV35	L45E	0.9752	pathogenic
Q9NV35	L45F	0.4732	ambiguous
Q9NV35	L45G	0.9056	pathogenic
Q9NV35	L45H	0.9347	pathogenic
Q9NV35	L45I	0.385	ambiguous
Q9NV35	L45K	0.9491	pathogenic
Q9NV35	L45M	0.3869	ambiguous
Q9NV35	L45N	0.9579	pathogenic
Q9NV35	L45P	0.7981	pathogenic
Q9NV35	L45Q	0.9207	pathogenic
Q9NV35	L45R	0.9125	pathogenic
Q9NV35	L45S	0.9551	pathogenic
Q9NV35	L45T	0.8612	pathogenic
Q9NV35	L45V	0.3971	ambiguous
Q9NV35	L45W	0.8087	pathogenic
Q9NV35	L45Y	0.8673	pathogenic
Q9NV35	P46A	0.5376	ambiguous
Q9NV35	P46C	0.8952	pathogenic
Q9NV35	P46D	0.991	pathogenic
Q9NV35	P46E	0.9775	pathogenic
Q9NV35	P46F	0.9733	pathogenic
Q9NV35	P46G	0.9176	pathogenic
Q9NV35	P46H	0.9624	pathogenic
Q9NV35	P46I	0.8722	pathogenic
Q9NV35	P46K	0.9789	pathogenic
Q9NV35	P46L	0.6202	pathogenic
Q9NV35	P46M	0.9308	pathogenic
Q9NV35	P46N	0.99	pathogenic
Q9NV35	P46Q	0.9497	pathogenic
Q9NV35	P46R	0.9141	pathogenic
Q9NV35	P46S	0.8914	pathogenic
Q9NV35	P46T	0.7681	pathogenic
Q9NV35	P46V	0.7413	pathogenic
Q9NV35	P46W	0.985	pathogenic
Q9NV35	P46Y	0.985	pathogenic
Q9NV35	G47A	0.6985	pathogenic
Q9NV35	G47C	0.8622	pathogenic
Q9NV35	G47D	0.9553	pathogenic
Q9NV35	G47E	0.9633	pathogenic
Q9NV35	G47F	0.9749	pathogenic
Q9NV35	G47H	0.9851	pathogenic
Q9NV35	G47I	0.9766	pathogenic
Q9NV35	G47K	0.9735	pathogenic
Q9NV35	G47L	0.9729	pathogenic
Q9NV35	G47M	0.9851	pathogenic
Q9NV35	G47N	0.9835	pathogenic
Q9NV35	G47P	0.9894	pathogenic
Q9NV35	G47Q	0.9691	pathogenic
Q9NV35	G47R	0.8964	pathogenic
Q9NV35	G47S	0.7305	pathogenic
Q9NV35	G47T	0.9247	pathogenic
Q9NV35	G47V	0.9359	pathogenic
Q9NV35	G47W	0.9072	pathogenic
Q9NV35	G47Y	0.9766	pathogenic
Q9NV35	G48A	0.9015	pathogenic
Q9NV35	G48C	0.9121	pathogenic
Q9NV35	G48D	0.9284	pathogenic
Q9NV35	G48E	0.9553	pathogenic
Q9NV35	G48F	0.9713	pathogenic
Q9NV35	G48H	0.9851	pathogenic
Q9NV35	G48I	0.9694	pathogenic
Q9NV35	G48K	0.9751	pathogenic
Q9NV35	G48L	0.9825	pathogenic
Q9NV35	G48M	0.9916	pathogenic
Q9NV35	G48N	0.9763	pathogenic
Q9NV35	G48P	0.9946	pathogenic
Q9NV35	G48Q	0.9804	pathogenic
Q9NV35	G48R	0.9338	pathogenic
Q9NV35	G48S	0.8395	pathogenic
Q9NV35	G48T	0.9608	pathogenic
Q9NV35	G48V	0.9529	pathogenic
Q9NV35	G48W	0.9109	pathogenic
Q9NV35	G48Y	0.9676	pathogenic
Q9NV35	H49A	0.952	pathogenic
Q9NV35	H49C	0.734	pathogenic
Q9NV35	H49D	0.9537	pathogenic
Q9NV35	H49E	0.9737	pathogenic
Q9NV35	H49F	0.7951	pathogenic
Q9NV35	H49G	0.9482	pathogenic
Q9NV35	H49I	0.9503	pathogenic
Q9NV35	H49K	0.8758	pathogenic
Q9NV35	H49L	0.7882	pathogenic
Q9NV35	H49M	0.9491	pathogenic
Q9NV35	H49N	0.8869	pathogenic
Q9NV35	H49P	0.8578	pathogenic
Q9NV35	H49Q	0.9509	pathogenic
Q9NV35	H49R	0.8174	pathogenic
Q9NV35	H49S	0.9377	pathogenic
Q9NV35	H49T	0.9753	pathogenic
Q9NV35	H49V	0.9565	pathogenic
Q9NV35	H49W	0.7065	pathogenic
Q9NV35	H49Y	0.6437	pathogenic
Q9NV35	L50A	0.815	pathogenic
Q9NV35	L50C	0.8474	pathogenic
Q9NV35	L50D	0.9959	pathogenic
Q9NV35	L50E	0.9363	pathogenic
Q9NV35	L50F	0.8063	pathogenic
Q9NV35	L50G	0.9502	pathogenic
Q9NV35	L50H	0.9589	pathogenic
Q9NV35	L50I	0.1823	benign
Q9NV35	L50K	0.9185	pathogenic
Q9NV35	L50M	0.2606	benign
Q9NV35	L50N	0.9718	pathogenic
Q9NV35	L50P	0.9338	pathogenic
Q9NV35	L50Q	0.7572	pathogenic
Q9NV35	L50R	0.8756	pathogenic
Q9NV35	L50S	0.9465	pathogenic
Q9NV35	L50T	0.8119	pathogenic
Q9NV35	L50V	0.1669	benign
Q9NV35	L50W	0.9265	pathogenic
Q9NV35	L50Y	0.9713	pathogenic
Q9NV35	E51A	0.699	pathogenic
Q9NV35	E51C	0.9013	pathogenic
Q9NV35	E51D	0.431	ambiguous
Q9NV35	E51F	0.9541	pathogenic
Q9NV35	E51G	0.6779	pathogenic
Q9NV35	E51H	0.7914	pathogenic
Q9NV35	E51I	0.9361	pathogenic
Q9NV35	E51K	0.8234	pathogenic
Q9NV35	E51L	0.895	pathogenic
Q9NV35	E51M	0.9358	pathogenic
Q9NV35	E51N	0.7656	pathogenic
Q9NV35	E51P	0.9672	pathogenic
Q9NV35	E51Q	0.5485	ambiguous
Q9NV35	E51R	0.7414	pathogenic
Q9NV35	E51S	0.7361	pathogenic
Q9NV35	E51T	0.8833	pathogenic
Q9NV35	E51V	0.8579	pathogenic
Q9NV35	E51W	0.9705	pathogenic
Q9NV35	E51Y	0.8694	pathogenic
Q9NV35	F52A	0.7188	pathogenic
Q9NV35	F52C	0.628	pathogenic
Q9NV35	F52D	0.8403	pathogenic
Q9NV35	F52E	0.8746	pathogenic
Q9NV35	F52G	0.8683	pathogenic
Q9NV35	F52H	0.6804	pathogenic
Q9NV35	F52I	0.6204	pathogenic
Q9NV35	F52K	0.8947	pathogenic
Q9NV35	F52L	0.9469	pathogenic
Q9NV35	F52M	0.7387	pathogenic
Q9NV35	F52N	0.7909	pathogenic
Q9NV35	F52P	0.9373	pathogenic
Q9NV35	F52Q	0.8682	pathogenic
Q9NV35	F52R	0.817	pathogenic
Q9NV35	F52S	0.704	pathogenic
Q9NV35	F52T	0.7859	pathogenic
Q9NV35	F52V	0.6254	pathogenic
Q9NV35	F52W	0.3674	ambiguous
Q9NV35	F52Y	0.1666	benign
Q9NV35	G53A	0.4101	ambiguous
Q9NV35	G53C	0.4231	ambiguous
Q9NV35	G53D	0.7483	pathogenic
Q9NV35	G53E	0.6266	pathogenic
Q9NV35	G53F	0.8241	pathogenic
Q9NV35	G53H	0.6882	pathogenic
Q9NV35	G53I	0.9165	pathogenic
Q9NV35	G53K	0.6606	pathogenic
Q9NV35	G53L	0.7297	pathogenic
Q9NV35	G53M	0.7951	pathogenic
Q9NV35	G53N	0.7319	pathogenic
Q9NV35	G53P	0.9791	pathogenic
Q9NV35	G53Q	0.5135	ambiguous
Q9NV35	G53R	0.4123	ambiguous
Q9NV35	G53S	0.3573	ambiguous
Q9NV35	G53T	0.6999	pathogenic
Q9NV35	G53V	0.8364	pathogenic
Q9NV35	G53W	0.5644	pathogenic
Q9NV35	G53Y	0.7209	pathogenic
Q9NV35	E54A	0.9115	pathogenic
Q9NV35	E54C	0.9675	pathogenic
Q9NV35	E54D	0.9	pathogenic
Q9NV35	E54F	0.9919	pathogenic
Q9NV35	E54G	0.8348	pathogenic
Q9NV35	E54H	0.971	pathogenic
Q9NV35	E54I	0.979	pathogenic
Q9NV35	E54K	0.7922	pathogenic
Q9NV35	E54L	0.975	pathogenic
Q9NV35	E54M	0.9673	pathogenic
Q9NV35	E54N	0.9682	pathogenic
Q9NV35	E54P	0.9912	pathogenic
Q9NV35	E54Q	0.7247	pathogenic
Q9NV35	E54R	0.8412	pathogenic
Q9NV35	E54S	0.9522	pathogenic
Q9NV35	E54T	0.9654	pathogenic
Q9NV35	E54V	0.9375	pathogenic
Q9NV35	E54W	0.9942	pathogenic
Q9NV35	E54Y	0.9839	pathogenic
Q9NV35	T55A	0.1829	benign
Q9NV35	T55C	0.4651	ambiguous
Q9NV35	T55D	0.3737	ambiguous
Q9NV35	T55E	0.4013	ambiguous
Q9NV35	T55F	0.6076	pathogenic
Q9NV35	T55G	0.2341	benign
Q9NV35	T55H	0.398	ambiguous
Q9NV35	T55I	0.6431	pathogenic
Q9NV35	T55K	0.3244	benign
Q9NV35	T55L	0.3023	benign
Q9NV35	T55M	0.212	benign
Q9NV35	T55N	0.1531	benign
Q9NV35	T55P	0.4078	ambiguous
Q9NV35	T55Q	0.3576	ambiguous
Q9NV35	T55R	0.2745	benign
Q9NV35	T55S	0.1002	benign
Q9NV35	T55V	0.527	ambiguous
Q9NV35	T55W	0.7147	pathogenic
Q9NV35	T55Y	0.4765	ambiguous
Q9NV35	W56A	0.8712	pathogenic
Q9NV35	W56C	0.9212	pathogenic
Q9NV35	W56D	0.9921	pathogenic
Q9NV35	W56E	0.9853	pathogenic
Q9NV35	W56F	0.3806	ambiguous
Q9NV35	W56G	0.845	pathogenic
Q9NV35	W56H	0.9802	pathogenic
Q9NV35	W56I	0.795	pathogenic
Q9NV35	W56K	0.9927	pathogenic
Q9NV35	W56L	0.5861	pathogenic
Q9NV35	W56M	0.8295	pathogenic
Q9NV35	W56N	0.9908	pathogenic
Q9NV35	W56P	0.8594	pathogenic
Q9NV35	W56Q	0.987	pathogenic
Q9NV35	W56R	0.9813	pathogenic
Q9NV35	W56S	0.9126	pathogenic
Q9NV35	W56T	0.9042	pathogenic
Q9NV35	W56V	0.7438	pathogenic
Q9NV35	W56Y	0.8092	pathogenic
Q9NV35	E57A	0.2225	benign
Q9NV35	E57C	0.8969	pathogenic
Q9NV35	E57D	0.4887	ambiguous
Q9NV35	E57F	0.8921	pathogenic
Q9NV35	E57G	0.3155	benign
Q9NV35	E57H	0.7415	pathogenic
Q9NV35	E57I	0.5418	ambiguous
Q9NV35	E57K	0.2517	benign
Q9NV35	E57L	0.587	pathogenic
Q9NV35	E57M	0.5955	pathogenic
Q9NV35	E57N	0.7016	pathogenic
Q9NV35	E57P	0.7616	pathogenic
Q9NV35	E57Q	0.1966	benign
Q9NV35	E57R	0.3623	ambiguous
Q9NV35	E57S	0.4686	ambiguous
Q9NV35	E57T	0.4159	ambiguous
Q9NV35	E57V	0.3337	benign
Q9NV35	E57W	0.9313	pathogenic
Q9NV35	E57Y	0.811	pathogenic
Q9NV35	E58A	0.1289	benign
Q9NV35	E58C	0.8005	pathogenic
Q9NV35	E58D	0.1724	benign
Q9NV35	E58F	0.7615	pathogenic
Q9NV35	E58G	0.184	benign
Q9NV35	E58H	0.5369	ambiguous
Q9NV35	E58I	0.3757	ambiguous
Q9NV35	E58K	0.207	benign
Q9NV35	E58L	0.406	ambiguous
Q9NV35	E58M	0.3925	ambiguous
Q9NV35	E58N	0.3392	benign
Q9NV35	E58P	0.9175	pathogenic
Q9NV35	E58Q	0.1365	benign
Q9NV35	E58R	0.3023	benign
Q9NV35	E58S	0.2562	benign
Q9NV35	E58T	0.245	benign
Q9NV35	E58V	0.2263	benign
Q9NV35	E58W	0.8901	pathogenic
Q9NV35	E58Y	0.6377	pathogenic
Q9NV35	C59A	0.5407	ambiguous
Q9NV35	C59D	0.9742	pathogenic
Q9NV35	C59E	0.9914	pathogenic
Q9NV35	C59F	0.9317	pathogenic
Q9NV35	C59G	0.3114	benign
Q9NV35	C59H	0.9794	pathogenic
Q9NV35	C59I	0.9806	pathogenic
Q9NV35	C59K	0.9932	pathogenic
Q9NV35	C59L	0.9207	pathogenic
Q9NV35	C59M	0.9504	pathogenic
Q9NV35	C59N	0.9275	pathogenic
Q9NV35	C59P	0.9953	pathogenic
Q9NV35	C59Q	0.984	pathogenic
Q9NV35	C59R	0.9519	pathogenic
Q9NV35	C59S	0.7082	pathogenic
Q9NV35	C59T	0.6566	pathogenic
Q9NV35	C59V	0.9017	pathogenic
Q9NV35	C59W	0.9813	pathogenic
Q9NV35	C59Y	0.9539	pathogenic
Q9NV35	A60C	0.7082	pathogenic
Q9NV35	A60D	0.9823	pathogenic
Q9NV35	A60E	0.9736	pathogenic
Q9NV35	A60F	0.9613	pathogenic
Q9NV35	A60G	0.1904	benign
Q9NV35	A60H	0.9824	pathogenic
Q9NV35	A60I	0.9202	pathogenic
Q9NV35	A60K	0.9903	pathogenic
Q9NV35	A60L	0.8263	pathogenic
Q9NV35	A60M	0.9176	pathogenic
Q9NV35	A60N	0.9739	pathogenic
Q9NV35	A60P	0.9541	pathogenic
Q9NV35	A60Q	0.9448	pathogenic
Q9NV35	A60R	0.9515	pathogenic
Q9NV35	A60S	0.2469	benign
Q9NV35	A60T	0.6345	pathogenic
Q9NV35	A60V	0.7145	pathogenic
Q9NV35	A60W	0.9934	pathogenic
Q9NV35	A60Y	0.9858	pathogenic
Q9NV35	Q61A	0.1608	benign
Q9NV35	Q61C	0.3693	ambiguous
Q9NV35	Q61D	0.6267	pathogenic
Q9NV35	Q61E	0.0919	benign
Q9NV35	Q61F	0.4867	ambiguous
Q9NV35	Q61G	0.2583	benign
Q9NV35	Q61H	0.2639	benign
Q9NV35	Q61I	0.2273	benign
Q9NV35	Q61K	0.0886	benign
Q9NV35	Q61L	0.1003	benign
Q9NV35	Q61M	0.2529	benign
Q9NV35	Q61N	0.4638	ambiguous
Q9NV35	Q61P	0.591	pathogenic
Q9NV35	Q61R	0.0772	benign
Q9NV35	Q61S	0.2678	benign
Q9NV35	Q61T	0.2126	benign
Q9NV35	Q61V	0.1578	benign
Q9NV35	Q61W	0.3576	ambiguous
Q9NV35	Q61Y	0.395	ambiguous
Q9NV35	R62A	0.9622	pathogenic
Q9NV35	R62C	0.826	pathogenic
Q9NV35	R62D	0.9779	pathogenic
Q9NV35	R62E	0.8591	pathogenic
Q9NV35	R62F	0.9865	pathogenic
Q9NV35	R62G	0.9052	pathogenic
Q9NV35	R62H	0.7228	pathogenic
Q9NV35	R62I	0.9408	pathogenic
Q9NV35	R62K	0.6382	pathogenic
Q9NV35	R62L	0.8831	pathogenic
Q9NV35	R62M	0.9527	pathogenic
Q9NV35	R62N	0.9761	pathogenic
Q9NV35	R62P	0.9864	pathogenic
Q9NV35	R62Q	0.6086	pathogenic
Q9NV35	R62S	0.9797	pathogenic
Q9NV35	R62T	0.9472	pathogenic
Q9NV35	R62V	0.9545	pathogenic
Q9NV35	R62W	0.7542	pathogenic
Q9NV35	R62Y	0.9552	pathogenic
Q9NV35	E63A	0.9503	pathogenic
Q9NV35	E63C	0.9872	pathogenic
Q9NV35	E63D	0.9744	pathogenic
Q9NV35	E63F	0.9978	pathogenic
Q9NV35	E63G	0.9182	pathogenic
Q9NV35	E63H	0.9807	pathogenic
Q9NV35	E63I	0.9893	pathogenic
Q9NV35	E63K	0.8548	pathogenic
Q9NV35	E63L	0.9873	pathogenic
Q9NV35	E63M	0.9911	pathogenic
Q9NV35	E63N	0.9897	pathogenic
Q9NV35	E63P	0.9951	pathogenic
Q9NV35	E63Q	0.9051	pathogenic
Q9NV35	E63R	0.9324	pathogenic
Q9NV35	E63S	0.9822	pathogenic
Q9NV35	E63T	0.9876	pathogenic
Q9NV35	E63V	0.9743	pathogenic
Q9NV35	E63W	0.998	pathogenic
Q9NV35	E63Y	0.9941	pathogenic
Q9NV35	T64A	0.145	benign
Q9NV35	T64C	0.4362	ambiguous
Q9NV35	T64D	0.9645	pathogenic
Q9NV35	T64E	0.94	pathogenic
Q9NV35	T64F	0.8676	pathogenic
Q9NV35	T64G	0.5473	ambiguous
Q9NV35	T64H	0.9349	pathogenic
Q9NV35	T64I	0.2786	benign
Q9NV35	T64K	0.9314	pathogenic
Q9NV35	T64L	0.254	benign
Q9NV35	T64M	0.225	benign
Q9NV35	T64N	0.7	pathogenic
Q9NV35	T64P	0.8498	pathogenic
Q9NV35	T64Q	0.9	pathogenic
Q9NV35	T64R	0.8849	pathogenic
Q9NV35	T64S	0.373	ambiguous
Q9NV35	T64V	0.132	benign
Q9NV35	T64W	0.9821	pathogenic
Q9NV35	T64Y	0.9343	pathogenic
Q9NV35	W65A	0.1787	benign
Q9NV35	W65C	0.391	ambiguous
Q9NV35	W65D	0.5513	ambiguous
Q9NV35	W65E	0.2831	benign
Q9NV35	W65F	0.1406	benign
Q9NV35	W65G	0.1908	benign
Q9NV35	W65H	0.288	benign
Q9NV35	W65I	0.2931	benign
Q9NV35	W65K	0.2074	benign
Q9NV35	W65L	0.1133	benign
Q9NV35	W65M	0.2099	benign
Q9NV35	W65N	0.5369	ambiguous
Q9NV35	W65P	0.9461	pathogenic
Q9NV35	W65Q	0.2206	benign
Q9NV35	W65R	0.1706	benign
Q9NV35	W65S	0.2109	benign
Q9NV35	W65T	0.2501	benign
Q9NV35	W65V	0.2154	benign
Q9NV35	W65Y	0.2422	benign
Q9NV35	E66A	0.9027	pathogenic
Q9NV35	E66C	0.9862	pathogenic
Q9NV35	E66D	0.9456	pathogenic
Q9NV35	E66F	0.9968	pathogenic
Q9NV35	E66G	0.8552	pathogenic
Q9NV35	E66H	0.9796	pathogenic
Q9NV35	E66I	0.9819	pathogenic
Q9NV35	E66K	0.8229	pathogenic
Q9NV35	E66L	0.9695	pathogenic
Q9NV35	E66M	0.9808	pathogenic
Q9NV35	E66N	0.9826	pathogenic
Q9NV35	E66P	0.9916	pathogenic
Q9NV35	E66Q	0.7718	pathogenic
Q9NV35	E66R	0.8556	pathogenic
Q9NV35	E66S	0.9715	pathogenic
Q9NV35	E66T	0.975	pathogenic
Q9NV35	E66V	0.9583	pathogenic
Q9NV35	E66W	0.995	pathogenic
Q9NV35	E66Y	0.991	pathogenic
Q9NV35	E67A	0.8998	pathogenic
Q9NV35	E67C	0.99	pathogenic
Q9NV35	E67D	0.9511	pathogenic
Q9NV35	E67F	0.9979	pathogenic
Q9NV35	E67G	0.9072	pathogenic
Q9NV35	E67H	0.9881	pathogenic
Q9NV35	E67I	0.9886	pathogenic
Q9NV35	E67K	0.8714	pathogenic
Q9NV35	E67L	0.9875	pathogenic
Q9NV35	E67M	0.9903	pathogenic
Q9NV35	E67N	0.9853	pathogenic
Q9NV35	E67P	0.9954	pathogenic
Q9NV35	E67Q	0.9411	pathogenic
Q9NV35	E67R	0.9322	pathogenic
Q9NV35	E67S	0.9722	pathogenic
Q9NV35	E67T	0.9719	pathogenic
Q9NV35	E67V	0.9616	pathogenic
Q9NV35	E67W	0.9982	pathogenic
Q9NV35	E67Y	0.9938	pathogenic
Q9NV35	A68C	0.4484	ambiguous
Q9NV35	A68D	0.9067	pathogenic
Q9NV35	A68E	0.8932	pathogenic
Q9NV35	A68F	0.9208	pathogenic
Q9NV35	A68G	0.2424	benign
Q9NV35	A68H	0.9544	pathogenic
Q9NV35	A68I	0.7123	pathogenic
Q9NV35	A68K	0.9569	pathogenic
Q9NV35	A68L	0.5473	ambiguous
Q9NV35	A68M	0.5791	pathogenic
Q9NV35	A68N	0.8219	pathogenic
Q9NV35	A68P	0.9419	pathogenic
Q9NV35	A68Q	0.9026	pathogenic
Q9NV35	A68R	0.9139	pathogenic
Q9NV35	A68S	0.1882	benign
Q9NV35	A68T	0.1047	benign
Q9NV35	A68V	0.2974	benign
Q9NV35	A68W	0.9823	pathogenic
Q9NV35	A68Y	0.9556	pathogenic
Q9NV35	A69C	0.3199	benign
Q9NV35	A69D	0.263	benign
Q9NV35	A69E	0.2568	benign
Q9NV35	A69F	0.4267	ambiguous
Q9NV35	A69G	0.0787	benign
Q9NV35	A69H	0.4332	ambiguous
Q9NV35	A69I	0.6253	pathogenic
Q9NV35	A69K	0.4492	ambiguous
Q9NV35	A69L	0.3012	benign
Q9NV35	A69M	0.3764	ambiguous
Q9NV35	A69N	0.2377	benign
Q9NV35	A69P	0.7764	pathogenic
Q9NV35	A69Q	0.2781	benign
Q9NV35	A69R	0.3236	benign
Q9NV35	A69S	0.0805	benign
Q9NV35	A69T	0.1612	benign
Q9NV35	A69V	0.34	benign
Q9NV35	A69W	0.7971	pathogenic
Q9NV35	A69Y	0.5127	ambiguous
Q9NV35	L70A	0.8555	pathogenic
Q9NV35	L70C	0.7458	pathogenic
Q9NV35	L70D	0.9942	pathogenic
Q9NV35	L70E	0.9686	pathogenic
Q9NV35	L70F	0.5472	ambiguous
Q9NV35	L70G	0.9554	pathogenic
Q9NV35	L70H	0.9351	pathogenic
Q9NV35	L70I	0.1137	benign
Q9NV35	L70K	0.9294	pathogenic
Q9NV35	L70M	0.3287	benign
Q9NV35	L70N	0.9687	pathogenic
Q9NV35	L70P	0.9369	pathogenic
Q9NV35	L70Q	0.8837	pathogenic
Q9NV35	L70R	0.8437	pathogenic
Q9NV35	L70S	0.9538	pathogenic
Q9NV35	L70T	0.8494	pathogenic
Q9NV35	L70V	0.1281	benign
Q9NV35	L70W	0.8547	pathogenic
Q9NV35	L70Y	0.9072	pathogenic
Q9NV35	H71A	0.2827	benign
Q9NV35	H71C	0.1212	benign
Q9NV35	H71D	0.3039	benign
Q9NV35	H71E	0.2608	benign
Q9NV35	H71F	0.2193	benign
Q9NV35	H71G	0.3448	ambiguous
Q9NV35	H71I	0.2355	benign
Q9NV35	H71K	0.1629	benign
Q9NV35	H71L	0.1069	benign
Q9NV35	H71M	0.4156	ambiguous
Q9NV35	H71N	0.182	benign
Q9NV35	H71P	0.2264	benign
Q9NV35	H71Q	0.1539	benign
Q9NV35	H71R	0.0726	benign
Q9NV35	H71S	0.2467	benign
Q9NV35	H71T	0.2555	benign
Q9NV35	H71V	0.194	benign
Q9NV35	H71W	0.2186	benign
Q9NV35	H71Y	0.0964	benign
Q9NV35	L72A	0.8861	pathogenic
Q9NV35	L72C	0.8485	pathogenic
Q9NV35	L72D	0.9955	pathogenic
Q9NV35	L72E	0.9701	pathogenic
Q9NV35	L72F	0.6416	pathogenic
Q9NV35	L72G	0.9594	pathogenic
Q9NV35	L72H	0.9566	pathogenic
Q9NV35	L72I	0.1189	benign
Q9NV35	L72K	0.9494	pathogenic
Q9NV35	L72M	0.3173	benign
Q9NV35	L72N	0.9775	pathogenic
Q9NV35	L72P	0.8371	pathogenic
Q9NV35	L72Q	0.91	pathogenic
Q9NV35	L72R	0.8926	pathogenic
Q9NV35	L72S	0.9668	pathogenic
Q9NV35	L72T	0.8622	pathogenic
Q9NV35	L72V	0.1633	benign
Q9NV35	L72W	0.8762	pathogenic
Q9NV35	L72Y	0.9554	pathogenic
Q9NV35	K73A	0.3599	ambiguous
Q9NV35	K73C	0.4966	ambiguous
Q9NV35	K73D	0.5612	ambiguous
Q9NV35	K73E	0.1465	benign
Q9NV35	K73F	0.7497	pathogenic
Q9NV35	K73G	0.3984	ambiguous
Q9NV35	K73H	0.2739	benign
Q9NV35	K73I	0.3385	benign
Q9NV35	K73L	0.3253	benign
Q9NV35	K73M	0.2446	benign
Q9NV35	K73N	0.3753	ambiguous
Q9NV35	K73P	0.8852	pathogenic
Q9NV35	K73Q	0.1162	benign
Q9NV35	K73R	0.082	benign
Q9NV35	K73S	0.3642	ambiguous
Q9NV35	K73T	0.1513	benign
Q9NV35	K73V	0.3024	benign
Q9NV35	K73W	0.6552	pathogenic
Q9NV35	K73Y	0.5847	pathogenic
Q9NV35	N74A	0.3446	ambiguous
Q9NV35	N74C	0.432	ambiguous
Q9NV35	N74D	0.1239	benign
Q9NV35	N74E	0.3342	benign
Q9NV35	N74F	0.7044	pathogenic
Q9NV35	N74G	0.3331	benign
Q9NV35	N74H	0.1486	benign
Q9NV35	N74I	0.48	ambiguous
Q9NV35	N74K	0.2702	benign
Q9NV35	N74L	0.5264	ambiguous
Q9NV35	N74M	0.5104	ambiguous
Q9NV35	N74P	0.7802	pathogenic
Q9NV35	N74Q	0.343	ambiguous
Q9NV35	N74R	0.296	benign
Q9NV35	N74S	0.1724	benign
Q9NV35	N74T	0.2751	benign
Q9NV35	N74V	0.4386	ambiguous
Q9NV35	N74W	0.765	pathogenic
Q9NV35	N74Y	0.2213	benign
Q9NV35	V75A	0.5213	ambiguous
Q9NV35	V75C	0.7562	pathogenic
Q9NV35	V75D	0.8688	pathogenic
Q9NV35	V75E	0.8423	pathogenic
Q9NV35	V75F	0.4723	ambiguous
Q9NV35	V75G	0.5437	ambiguous
Q9NV35	V75H	0.9242	pathogenic
Q9NV35	V75I	0.0864	benign
Q9NV35	V75K	0.8574	pathogenic
Q9NV35	V75L	0.3083	benign
Q9NV35	V75M	0.3554	ambiguous
Q9NV35	V75N	0.7757	pathogenic
Q9NV35	V75P	0.5375	ambiguous
Q9NV35	V75Q	0.8395	pathogenic
Q9NV35	V75R	0.7899	pathogenic
Q9NV35	V75S	0.6647	pathogenic
Q9NV35	V75T	0.4835	ambiguous
Q9NV35	V75W	0.9291	pathogenic
Q9NV35	V75Y	0.8615	pathogenic
Q9NV35	H76A	0.2161	benign
Q9NV35	H76C	0.0956	benign
Q9NV35	H76D	0.2448	benign
Q9NV35	H76E	0.211	benign
Q9NV35	H76F	0.2512	benign
Q9NV35	H76G	0.2351	benign
Q9NV35	H76I	0.2087	benign
Q9NV35	H76K	0.1592	benign
Q9NV35	H76L	0.1367	benign
Q9NV35	H76M	0.3881	ambiguous
Q9NV35	H76N	0.185	benign
Q9NV35	H76P	0.6878	pathogenic
Q9NV35	H76Q	0.1122	benign
Q9NV35	H76R	0.0603	benign
Q9NV35	H76S	0.1652	benign
Q9NV35	H76T	0.1481	benign
Q9NV35	H76V	0.1652	benign
Q9NV35	H76W	0.2152	benign
Q9NV35	H76Y	0.1049	benign
Q9NV35	F77A	0.8719	pathogenic
Q9NV35	F77C	0.65	pathogenic
Q9NV35	F77D	0.9649	pathogenic
Q9NV35	F77E	0.969	pathogenic
Q9NV35	F77G	0.9346	pathogenic
Q9NV35	F77H	0.822	pathogenic
Q9NV35	F77I	0.4932	ambiguous
Q9NV35	F77K	0.9414	pathogenic
Q9NV35	F77L	0.8808	pathogenic
Q9NV35	F77M	0.7482	pathogenic
Q9NV35	F77N	0.9357	pathogenic
Q9NV35	F77P	0.9606	pathogenic
Q9NV35	F77Q	0.9365	pathogenic
Q9NV35	F77R	0.8813	pathogenic
Q9NV35	F77S	0.8629	pathogenic
Q9NV35	F77T	0.848	pathogenic
Q9NV35	F77V	0.4593	ambiguous
Q9NV35	F77W	0.6067	pathogenic
Q9NV35	F77Y	0.2485	benign
Q9NV35	A78C	0.3739	ambiguous
Q9NV35	A78D	0.8691	pathogenic
Q9NV35	A78E	0.8381	pathogenic
Q9NV35	A78F	0.5813	pathogenic
Q9NV35	A78G	0.2355	benign
Q9NV35	A78H	0.818	pathogenic
Q9NV35	A78I	0.4054	ambiguous
Q9NV35	A78K	0.9203	pathogenic
Q9NV35	A78L	0.3435	ambiguous
Q9NV35	A78M	0.525	ambiguous
Q9NV35	A78N	0.8183	pathogenic
Q9NV35	A78P	0.772	pathogenic
Q9NV35	A78Q	0.7732	pathogenic
Q9NV35	A78R	0.7999	pathogenic
Q9NV35	A78S	0.176	benign
Q9NV35	A78T	0.2208	benign
Q9NV35	A78V	0.1874	benign
Q9NV35	A78W	0.9037	pathogenic
Q9NV35	A78Y	0.7776	pathogenic
Q9NV35	S79A	0.1265	benign
Q9NV35	S79C	0.1645	benign
Q9NV35	S79D	0.7809	pathogenic
Q9NV35	S79E	0.8861	pathogenic
Q9NV35	S79F	0.6294	pathogenic
Q9NV35	S79G	0.1498	benign
Q9NV35	S79H	0.6721	pathogenic
Q9NV35	S79I	0.7738	pathogenic
Q9NV35	S79K	0.9475	pathogenic
Q9NV35	S79L	0.4631	ambiguous
Q9NV35	S79M	0.5884	pathogenic
Q9NV35	S79N	0.5723	pathogenic
Q9NV35	S79P	0.9245	pathogenic
Q9NV35	S79Q	0.8494	pathogenic
Q9NV35	S79R	0.9098	pathogenic
Q9NV35	S79T	0.159	benign
Q9NV35	S79V	0.6063	pathogenic
Q9NV35	S79W	0.6736	pathogenic
Q9NV35	S79Y	0.5192	ambiguous
Q9NV35	V80A	0.2051	benign
Q9NV35	V80C	0.7963	pathogenic
Q9NV35	V80D	0.9591	pathogenic
Q9NV35	V80E	0.9365	pathogenic
Q9NV35	V80F	0.657	pathogenic
Q9NV35	V80G	0.5662	pathogenic
Q9NV35	V80H	0.9678	pathogenic
Q9NV35	V80I	0.1547	benign
Q9NV35	V80K	0.9576	pathogenic
Q9NV35	V80L	0.554	ambiguous
Q9NV35	V80M	0.4677	ambiguous
Q9NV35	V80N	0.902	pathogenic
Q9NV35	V80P	0.9501	pathogenic
Q9NV35	V80Q	0.9226	pathogenic
Q9NV35	V80R	0.9187	pathogenic
Q9NV35	V80S	0.5116	ambiguous
Q9NV35	V80T	0.2477	benign
Q9NV35	V80W	0.9843	pathogenic
Q9NV35	V80Y	0.9549	pathogenic
Q9NV35	V81A	0.493	ambiguous
Q9NV35	V81C	0.7663	pathogenic
Q9NV35	V81D	0.9115	pathogenic
Q9NV35	V81E	0.7869	pathogenic
Q9NV35	V81F	0.5333	ambiguous
Q9NV35	V81G	0.5246	ambiguous
Q9NV35	V81H	0.9169	pathogenic
Q9NV35	V81I	0.1485	benign
Q9NV35	V81K	0.8727	pathogenic
Q9NV35	V81L	0.5131	ambiguous
Q9NV35	V81M	0.466	ambiguous
Q9NV35	V81N	0.7694	pathogenic
Q9NV35	V81P	0.9649	pathogenic
Q9NV35	V81Q	0.746	pathogenic
Q9NV35	V81R	0.7721	pathogenic
Q9NV35	V81S	0.5793	pathogenic
Q9NV35	V81T	0.3922	ambiguous
Q9NV35	V81W	0.9501	pathogenic
Q9NV35	V81Y	0.879	pathogenic
Q9NV35	N82A	0.891	pathogenic
Q9NV35	N82C	0.7006	pathogenic
Q9NV35	N82D	0.5078	ambiguous
Q9NV35	N82E	0.8705	pathogenic
Q9NV35	N82F	0.9845	pathogenic
Q9NV35	N82G	0.842	pathogenic
Q9NV35	N82H	0.6709	pathogenic
Q9NV35	N82I	0.9145	pathogenic
Q9NV35	N82K	0.9721	pathogenic
Q9NV35	N82L	0.8985	pathogenic
Q9NV35	N82M	0.9295	pathogenic
Q9NV35	N82P	0.9399	pathogenic
Q9NV35	N82Q	0.9172	pathogenic
Q9NV35	N82R	0.9579	pathogenic
Q9NV35	N82S	0.2766	benign
Q9NV35	N82T	0.5959	pathogenic
Q9NV35	N82V	0.9011	pathogenic
Q9NV35	N82W	0.9872	pathogenic
Q9NV35	N82Y	0.8578	pathogenic
Q9NV35	S83A	0.1321	benign
Q9NV35	S83C	0.1143	benign
Q9NV35	S83D	0.8493	pathogenic
Q9NV35	S83E	0.9101	pathogenic
Q9NV35	S83F	0.7235	pathogenic
Q9NV35	S83G	0.1975	benign
Q9NV35	S83H	0.7737	pathogenic
Q9NV35	S83I	0.4668	ambiguous
Q9NV35	S83K	0.9795	pathogenic
Q9NV35	S83L	0.3601	ambiguous
Q9NV35	S83M	0.5022	ambiguous
Q9NV35	S83N	0.5065	ambiguous
Q9NV35	S83P	0.888	pathogenic
Q9NV35	S83Q	0.8896	pathogenic
Q9NV35	S83R	0.9536	pathogenic
Q9NV35	S83T	0.1127	benign
Q9NV35	S83V	0.3505	ambiguous
Q9NV35	S83W	0.7858	pathogenic
Q9NV35	S83Y	0.6054	pathogenic
Q9NV35	F84A	0.5414	ambiguous
Q9NV35	F84C	0.2123	benign
Q9NV35	F84D	0.7856	pathogenic
Q9NV35	F84E	0.7948	pathogenic
Q9NV35	F84G	0.7789	pathogenic
Q9NV35	F84H	0.4841	ambiguous
Q9NV35	F84I	0.1115	benign
Q9NV35	F84K	0.7011	pathogenic
Q9NV35	F84L	0.6988	pathogenic
Q9NV35	F84M	0.4513	ambiguous
Q9NV35	F84N	0.668	pathogenic
Q9NV35	F84P	0.905	pathogenic
Q9NV35	F84Q	0.7069	pathogenic
Q9NV35	F84R	0.4951	ambiguous
Q9NV35	F84S	0.4711	ambiguous
Q9NV35	F84T	0.4668	ambiguous
Q9NV35	F84V	0.1047	benign
Q9NV35	F84W	0.3706	ambiguous
Q9NV35	F84Y	0.1219	benign
Q9NV35	I85A	0.2588	benign
Q9NV35	I85C	0.4859	ambiguous
Q9NV35	I85D	0.372	ambiguous
Q9NV35	I85E	0.3545	ambiguous
Q9NV35	I85F	0.1912	benign
Q9NV35	I85G	0.605	pathogenic
Q9NV35	I85H	0.3395	benign
Q9NV35	I85K	0.2917	benign
Q9NV35	I85L	0.1397	benign
Q9NV35	I85M	0.1318	benign
Q9NV35	I85N	0.2292	benign
Q9NV35	I85P	0.6986	pathogenic
Q9NV35	I85Q	0.2763	benign
Q9NV35	I85R	0.1802	benign
Q9NV35	I85S	0.1988	benign
Q9NV35	I85T	0.1783	benign
Q9NV35	I85V	0.0886	benign
Q9NV35	I85W	0.5019	ambiguous
Q9NV35	I85Y	0.4239	ambiguous
Q9NV35	E86A	0.1244	benign
Q9NV35	E86C	0.6384	pathogenic
Q9NV35	E86D	0.1834	benign
Q9NV35	E86F	0.6237	pathogenic
Q9NV35	E86G	0.1266	benign
Q9NV35	E86H	0.3148	benign
Q9NV35	E86I	0.3106	benign
Q9NV35	E86K	0.0993	benign
Q9NV35	E86L	0.2595	benign
Q9NV35	E86M	0.3482	ambiguous
Q9NV35	E86N	0.328	benign
Q9NV35	E86P	0.1594	benign
Q9NV35	E86Q	0.0993	benign
Q9NV35	E86R	0.1343	benign
Q9NV35	E86S	0.1967	benign
Q9NV35	E86T	0.1972	benign
Q9NV35	E86V	0.1819	benign
Q9NV35	E86W	0.6699	pathogenic
Q9NV35	E86Y	0.4661	ambiguous
Q9NV35	K87A	0.1646	benign
Q9NV35	K87C	0.5628	ambiguous
Q9NV35	K87D	0.175	benign
Q9NV35	K87E	0.0701	benign
Q9NV35	K87F	0.6878	pathogenic
Q9NV35	K87G	0.1744	benign
Q9NV35	K87H	0.2638	benign
Q9NV35	K87I	0.3138	benign
Q9NV35	K87L	0.27	benign
Q9NV35	K87M	0.1855	benign
Q9NV35	K87N	0.1724	benign
Q9NV35	K87P	0.2866	benign
Q9NV35	K87Q	0.1046	benign
Q9NV35	K87R	0.0924	benign
Q9NV35	K87S	0.1741	benign
Q9NV35	K87T	0.1049	benign
Q9NV35	K87V	0.2533	benign
Q9NV35	K87W	0.6048	pathogenic
Q9NV35	K87Y	0.506	ambiguous
Q9NV35	E88A	0.2417	benign
Q9NV35	E88C	0.7929	pathogenic
Q9NV35	E88D	0.1636	benign
Q9NV35	E88F	0.7799	pathogenic
Q9NV35	E88G	0.1946	benign
Q9NV35	E88H	0.5185	ambiguous
Q9NV35	E88I	0.4863	ambiguous
Q9NV35	E88K	0.2528	benign
Q9NV35	E88L	0.4754	ambiguous
Q9NV35	E88M	0.5644	pathogenic
Q9NV35	E88N	0.3462	ambiguous
Q9NV35	E88P	0.706	pathogenic
Q9NV35	E88Q	0.1967	benign
Q9NV35	E88R	0.3478	ambiguous
Q9NV35	E88S	0.3474	ambiguous
Q9NV35	E88T	0.3709	ambiguous
Q9NV35	E88V	0.2938	benign
Q9NV35	E88W	0.8182	pathogenic
Q9NV35	E88Y	0.5789	pathogenic
Q9NV35	N89A	0.3091	benign
Q9NV35	N89C	0.3727	ambiguous
Q9NV35	N89D	0.0998	benign
Q9NV35	N89E	0.3065	benign
Q9NV35	N89F	0.7063	pathogenic
Q9NV35	N89G	0.2368	benign
Q9NV35	N89H	0.1662	benign
Q9NV35	N89I	0.4454	ambiguous
Q9NV35	N89K	0.2776	benign
Q9NV35	N89L	0.438	ambiguous
Q9NV35	N89M	0.4725	ambiguous
Q9NV35	N89P	0.7099	pathogenic
Q9NV35	N89Q	0.3044	benign
Q9NV35	N89R	0.3177	benign
Q9NV35	N89S	0.1384	benign
Q9NV35	N89T	0.2656	benign
Q9NV35	N89V	0.4505	ambiguous
Q9NV35	N89W	0.7772	pathogenic
Q9NV35	N89Y	0.2441	benign
Q9NV35	Y90A	0.8866	pathogenic
Q9NV35	Y90C	0.4234	ambiguous
Q9NV35	Y90D	0.8195	pathogenic
Q9NV35	Y90E	0.9441	pathogenic
Q9NV35	Y90F	0.2363	benign
Q9NV35	Y90G	0.7919	pathogenic
Q9NV35	Y90H	0.6938	pathogenic
Q9NV35	Y90I	0.7488	pathogenic
Q9NV35	Y90K	0.8941	pathogenic
Q9NV35	Y90L	0.7226	pathogenic
Q9NV35	Y90M	0.8679	pathogenic
Q9NV35	Y90N	0.6766	pathogenic
Q9NV35	Y90P	0.9673	pathogenic
Q9NV35	Y90Q	0.9055	pathogenic
Q9NV35	Y90R	0.7971	pathogenic
Q9NV35	Y90S	0.6603	pathogenic
Q9NV35	Y90T	0.8139	pathogenic
Q9NV35	Y90V	0.6742	pathogenic
Q9NV35	Y90W	0.5908	pathogenic
Q9NV35	H91A	0.9719	pathogenic
Q9NV35	H91C	0.7487	pathogenic
Q9NV35	H91D	0.9628	pathogenic
Q9NV35	H91E	0.9748	pathogenic
Q9NV35	H91F	0.9264	pathogenic
Q9NV35	H91G	0.9687	pathogenic
Q9NV35	H91I	0.9756	pathogenic
Q9NV35	H91K	0.9791	pathogenic
Q9NV35	H91L	0.8514	pathogenic
Q9NV35	H91M	0.9746	pathogenic
Q9NV35	H91N	0.8469	pathogenic
Q9NV35	H91P	0.9142	pathogenic
Q9NV35	H91Q	0.8723	pathogenic
Q9NV35	H91R	0.9089	pathogenic
Q9NV35	H91S	0.9199	pathogenic
Q9NV35	H91T	0.9769	pathogenic
Q9NV35	H91V	0.9726	pathogenic
Q9NV35	H91W	0.9028	pathogenic
Q9NV35	H91Y	0.8106	pathogenic
Q9NV35	Y92A	0.8743	pathogenic
Q9NV35	Y92C	0.5203	ambiguous
Q9NV35	Y92D	0.8136	pathogenic
Q9NV35	Y92E	0.9719	pathogenic
Q9NV35	Y92F	0.2993	benign
Q9NV35	Y92G	0.8023	pathogenic
Q9NV35	Y92H	0.7883	pathogenic
Q9NV35	Y92I	0.8829	pathogenic
Q9NV35	Y92K	0.9671	pathogenic
Q9NV35	Y92L	0.846	pathogenic
Q9NV35	Y92M	0.9127	pathogenic
Q9NV35	Y92N	0.7508	pathogenic
Q9NV35	Y92P	0.987	pathogenic
Q9NV35	Y92Q	0.9554	pathogenic
Q9NV35	Y92R	0.9091	pathogenic
Q9NV35	Y92S	0.6105	pathogenic
Q9NV35	Y92T	0.8364	pathogenic
Q9NV35	Y92V	0.7645	pathogenic
Q9NV35	Y92W	0.6947	pathogenic
Q9NV35	V93A	0.8292	pathogenic
Q9NV35	V93C	0.9164	pathogenic
Q9NV35	V93D	0.9795	pathogenic
Q9NV35	V93E	0.9647	pathogenic
Q9NV35	V93F	0.7972	pathogenic
Q9NV35	V93G	0.8879	pathogenic
Q9NV35	V93H	0.9877	pathogenic
Q9NV35	V93I	0.0822	benign
Q9NV35	V93K	0.9774	pathogenic
Q9NV35	V93L	0.5483	ambiguous
Q9NV35	V93M	0.5909	pathogenic
Q9NV35	V93N	0.9361	pathogenic
Q9NV35	V93P	0.9782	pathogenic
Q9NV35	V93Q	0.9612	pathogenic
Q9NV35	V93R	0.9622	pathogenic
Q9NV35	V93S	0.8948	pathogenic
Q9NV35	V93T	0.7861	pathogenic
Q9NV35	V93W	0.9928	pathogenic
Q9NV35	V93Y	0.9774	pathogenic
Q9NV35	T94A	0.4681	ambiguous
Q9NV35	T94C	0.6685	pathogenic
Q9NV35	T94D	0.8655	pathogenic
Q9NV35	T94E	0.929	pathogenic
Q9NV35	T94F	0.8546	pathogenic
Q9NV35	T94G	0.686	pathogenic
Q9NV35	T94H	0.7715	pathogenic
Q9NV35	T94I	0.6967	pathogenic
Q9NV35	T94K	0.9057	pathogenic
Q9NV35	T94L	0.5845	pathogenic
Q9NV35	T94M	0.3937	ambiguous
Q9NV35	T94N	0.5857	pathogenic
Q9NV35	T94P	0.8495	pathogenic
Q9NV35	T94Q	0.8433	pathogenic
Q9NV35	T94R	0.8883	pathogenic
Q9NV35	T94S	0.433	ambiguous
Q9NV35	T94V	0.5494	ambiguous
Q9NV35	T94W	0.9213	pathogenic
Q9NV35	T94Y	0.8568	pathogenic
Q9NV35	I95A	0.904	pathogenic
Q9NV35	I95C	0.8942	pathogenic
Q9NV35	I95D	0.9953	pathogenic
Q9NV35	I95E	0.992	pathogenic
Q9NV35	I95F	0.6387	pathogenic
Q9NV35	I95G	0.9758	pathogenic
Q9NV35	I95H	0.9835	pathogenic
Q9NV35	I95K	0.9844	pathogenic
Q9NV35	I95L	0.2236	benign
Q9NV35	I95M	0.3824	ambiguous
Q9NV35	I95N	0.9388	pathogenic
Q9NV35	I95P	0.9624	pathogenic
Q9NV35	I95Q	0.983	pathogenic
Q9NV35	I95R	0.972	pathogenic
Q9NV35	I95S	0.933	pathogenic
Q9NV35	I95T	0.9334	pathogenic
Q9NV35	I95V	0.1226	benign
Q9NV35	I95W	0.9794	pathogenic
Q9NV35	I95Y	0.9494	pathogenic
Q9NV35	L96A	0.7397	pathogenic
Q9NV35	L96C	0.6294	pathogenic
Q9NV35	L96D	0.9822	pathogenic
Q9NV35	L96E	0.9298	pathogenic
Q9NV35	L96F	0.1276	benign
Q9NV35	L96G	0.903	pathogenic
Q9NV35	L96H	0.721	pathogenic
Q9NV35	L96I	0.1035	benign
Q9NV35	L96K	0.9226	pathogenic
Q9NV35	L96M	0.177	benign
Q9NV35	L96N	0.8813	pathogenic
Q9NV35	L96P	0.9183	pathogenic
Q9NV35	L96Q	0.7752	pathogenic
Q9NV35	L96R	0.8534	pathogenic
Q9NV35	L96S	0.8676	pathogenic
Q9NV35	L96T	0.7451	pathogenic
Q9NV35	L96V	0.1473	benign
Q9NV35	L96W	0.4928	ambiguous
Q9NV35	L96Y	0.5792	pathogenic
Q9NV35	M97A	0.9256	pathogenic
Q9NV35	M97C	0.8284	pathogenic
Q9NV35	M97D	0.998	pathogenic
Q9NV35	M97E	0.9732	pathogenic
Q9NV35	M97F	0.682	pathogenic
Q9NV35	M97G	0.9737	pathogenic
Q9NV35	M97H	0.9686	pathogenic
Q9NV35	M97I	0.8184	pathogenic
Q9NV35	M97K	0.9203	pathogenic
Q9NV35	M97L	0.323	benign
Q9NV35	M97N	0.9797	pathogenic
Q9NV35	M97P	0.9939	pathogenic
Q9NV35	M97Q	0.85	pathogenic
Q9NV35	M97R	0.9182	pathogenic
Q9NV35	M97S	0.9487	pathogenic
Q9NV35	M97T	0.898	pathogenic
Q9NV35	M97V	0.2108	benign
Q9NV35	M97W	0.9563	pathogenic
Q9NV35	M97Y	0.9428	pathogenic
Q9NV35	K98A	0.6718	pathogenic
Q9NV35	K98C	0.7934	pathogenic
Q9NV35	K98D	0.9135	pathogenic
Q9NV35	K98E	0.3638	ambiguous
Q9NV35	K98F	0.9095	pathogenic
Q9NV35	K98G	0.8401	pathogenic
Q9NV35	K98H	0.5349	ambiguous
Q9NV35	K98I	0.5619	ambiguous
Q9NV35	K98L	0.5453	ambiguous
Q9NV35	K98M	0.3677	ambiguous
Q9NV35	K98N	0.8282	pathogenic
Q9NV35	K98P	0.989	pathogenic
Q9NV35	K98Q	0.2428	benign
Q9NV35	K98R	0.1075	benign
Q9NV35	K98S	0.7975	pathogenic
Q9NV35	K98T	0.3966	ambiguous
Q9NV35	K98V	0.5404	ambiguous
Q9NV35	K98W	0.8221	pathogenic
Q9NV35	K98Y	0.8009	pathogenic
Q9NV35	G99A	0.2316	benign
Q9NV35	G99C	0.7021	pathogenic
Q9NV35	G99D	0.9692	pathogenic
Q9NV35	G99E	0.9688	pathogenic
Q9NV35	G99F	0.9904	pathogenic
Q9NV35	G99H	0.993	pathogenic
Q9NV35	G99I	0.9501	pathogenic
Q9NV35	G99K	0.9913	pathogenic
Q9NV35	G99L	0.9601	pathogenic
Q9NV35	G99M	0.9658	pathogenic
Q9NV35	G99N	0.9814	pathogenic
Q9NV35	G99P	0.9974	pathogenic
Q9NV35	G99Q	0.9827	pathogenic
Q9NV35	G99R	0.9745	pathogenic
Q9NV35	G99S	0.5215	ambiguous
Q9NV35	G99T	0.7678	pathogenic
Q9NV35	G99V	0.8127	pathogenic
Q9NV35	G99W	0.9755	pathogenic
Q9NV35	G99Y	0.9855	pathogenic
Q9NV35	E100A	0.281	benign
Q9NV35	E100C	0.8041	pathogenic
Q9NV35	E100D	0.2007	benign
Q9NV35	E100F	0.7213	pathogenic
Q9NV35	E100G	0.4119	ambiguous
Q9NV35	E100H	0.4703	ambiguous
Q9NV35	E100I	0.3796	ambiguous
Q9NV35	E100K	0.2031	benign
Q9NV35	E100L	0.495	ambiguous
Q9NV35	E100M	0.4921	ambiguous
Q9NV35	E100N	0.4061	ambiguous
Q9NV35	E100P	0.9469	pathogenic
Q9NV35	E100Q	0.1738	benign
Q9NV35	E100R	0.2907	benign
Q9NV35	E100S	0.3472	ambiguous
Q9NV35	E100T	0.2969	benign
Q9NV35	E100V	0.2408	benign
Q9NV35	E100W	0.8504	pathogenic
Q9NV35	E100Y	0.6017	pathogenic
Q9NV35	V101A	0.2823	benign
Q9NV35	V101C	0.8446	pathogenic
Q9NV35	V101D	0.8385	pathogenic
Q9NV35	V101E	0.7618	pathogenic
Q9NV35	V101F	0.5172	ambiguous
Q9NV35	V101G	0.4201	ambiguous
Q9NV35	V101H	0.9428	pathogenic
Q9NV35	V101I	0.1203	benign
Q9NV35	V101K	0.8542	pathogenic
Q9NV35	V101L	0.4621	ambiguous
Q9NV35	V101M	0.3589	ambiguous
Q9NV35	V101N	0.7976	pathogenic
Q9NV35	V101P	0.8422	pathogenic
Q9NV35	V101Q	0.8457	pathogenic
Q9NV35	V101R	0.7921	pathogenic
Q9NV35	V101S	0.5967	pathogenic
Q9NV35	V101T	0.3733	ambiguous
Q9NV35	V101W	0.9288	pathogenic
Q9NV35	V101Y	0.8506	pathogenic
Q9NV35	D102A	0.3725	ambiguous
Q9NV35	D102C	0.6684	pathogenic
Q9NV35	D102E	0.4428	ambiguous
Q9NV35	D102F	0.8164	pathogenic
Q9NV35	D102G	0.5762	pathogenic
Q9NV35	D102H	0.5206	ambiguous
Q9NV35	D102I	0.5315	ambiguous
Q9NV35	D102K	0.7795	pathogenic
Q9NV35	D102L	0.5475	ambiguous
Q9NV35	D102M	0.7814	pathogenic
Q9NV35	D102N	0.1936	benign
Q9NV35	D102P	0.8564	pathogenic
Q9NV35	D102Q	0.7103	pathogenic
Q9NV35	D102R	0.7314	pathogenic
Q9NV35	D102S	0.281	benign
Q9NV35	D102T	0.5671	pathogenic
Q9NV35	D102V	0.3356	benign
Q9NV35	D102W	0.9212	pathogenic
Q9NV35	D102Y	0.381	ambiguous
Q9NV35	V103A	0.1047	benign
Q9NV35	V103C	0.4114	ambiguous
Q9NV35	V103D	0.1275	benign
Q9NV35	V103E	0.1056	benign
Q9NV35	V103F	0.1235	benign
Q9NV35	V103G	0.1164	benign
Q9NV35	V103H	0.2869	benign
Q9NV35	V103I	0.0835	benign
Q9NV35	V103K	0.14	benign
Q9NV35	V103L	0.1089	benign
Q9NV35	V103M	0.1012	benign
Q9NV35	V103N	0.1633	benign
Q9NV35	V103P	0.1347	benign
Q9NV35	V103Q	0.16	benign
Q9NV35	V103R	0.1328	benign
Q9NV35	V103S	0.1264	benign
Q9NV35	V103T	0.0959	benign
Q9NV35	V103W	0.4448	ambiguous
Q9NV35	V103Y	0.3082	benign
Q9NV35	T104A	0.088	benign
Q9NV35	T104C	0.2492	benign
Q9NV35	T104D	0.171	benign
Q9NV35	T104E	0.1512	benign
Q9NV35	T104F	0.2115	benign
Q9NV35	T104G	0.1552	benign
Q9NV35	T104H	0.1653	benign
Q9NV35	T104I	0.1956	benign
Q9NV35	T104K	0.1516	benign
Q9NV35	T104L	0.1034	benign
Q9NV35	T104M	0.1078	benign
Q9NV35	T104N	0.0895	benign
Q9NV35	T104P	0.2063	benign
Q9NV35	T104Q	0.1463	benign
Q9NV35	T104R	0.1202	benign
Q9NV35	T104S	0.0778	benign
Q9NV35	T104V	0.1764	benign
Q9NV35	T104W	0.3713	ambiguous
Q9NV35	T104Y	0.2243	benign
Q9NV35	H105A	0.1495	benign
Q9NV35	H105C	0.0903	benign
Q9NV35	H105D	0.1595	benign
Q9NV35	H105E	0.152	benign
Q9NV35	H105F	0.1739	benign
Q9NV35	H105G	0.1686	benign
Q9NV35	H105I	0.196	benign
Q9NV35	H105K	0.1336	benign
Q9NV35	H105L	0.1004	benign
Q9NV35	H105M	0.2994	benign
Q9NV35	H105N	0.1164	benign
Q9NV35	H105P	0.2401	benign
Q9NV35	H105Q	0.1152	benign
Q9NV35	H105R	0.0724	benign
Q9NV35	H105S	0.1386	benign
Q9NV35	H105T	0.1689	benign
Q9NV35	H105V	0.1478	benign
Q9NV35	H105W	0.1728	benign
Q9NV35	H105Y	0.0753	benign
Q9NV35	D106A	0.1005	benign
Q9NV35	D106C	0.2565	benign
Q9NV35	D106E	0.1188	benign
Q9NV35	D106F	0.3667	ambiguous
Q9NV35	D106G	0.1079	benign
Q9NV35	D106H	0.1431	benign
Q9NV35	D106I	0.1904	benign
Q9NV35	D106K	0.1802	benign
Q9NV35	D106L	0.187	benign
Q9NV35	D106M	0.4322	ambiguous
Q9NV35	D106N	0.1023	benign
Q9NV35	D106P	0.2021	benign
Q9NV35	D106Q	0.1649	benign
Q9NV35	D106R	0.169	benign
Q9NV35	D106S	0.0983	benign
Q9NV35	D106T	0.1573	benign
Q9NV35	D106V	0.1213	benign
Q9NV35	D106W	0.6187	pathogenic
Q9NV35	D106Y	0.1367	benign
Q9NV35	S107A	0.0775	benign
Q9NV35	S107C	0.0948	benign
Q9NV35	S107D	0.2378	benign
Q9NV35	S107E	0.248	benign
Q9NV35	S107F	0.2202	benign
Q9NV35	S107G	0.1038	benign
Q9NV35	S107H	0.2631	benign
Q9NV35	S107I	0.169	benign
Q9NV35	S107K	0.3767	ambiguous
Q9NV35	S107L	0.097	benign
Q9NV35	S107M	0.1962	benign
Q9NV35	S107N	0.1805	benign
Q9NV35	S107P	0.0949	benign
Q9NV35	S107Q	0.3026	benign
Q9NV35	S107R	0.3132	benign
Q9NV35	S107T	0.0978	benign
Q9NV35	S107V	0.1492	benign
Q9NV35	S107W	0.2133	benign
Q9NV35	S107Y	0.1779	benign
Q9NV35	E108A	0.1818	benign
Q9NV35	E108C	0.6557	pathogenic
Q9NV35	E108D	0.1775	benign
Q9NV35	E108F	0.5655	pathogenic
Q9NV35	E108G	0.2219	benign
Q9NV35	E108H	0.3621	ambiguous
Q9NV35	E108I	0.2427	benign
Q9NV35	E108K	0.1359	benign
Q9NV35	E108L	0.2793	benign
Q9NV35	E108M	0.3507	ambiguous
Q9NV35	E108N	0.304	benign
Q9NV35	E108P	0.5486	ambiguous
Q9NV35	E108Q	0.1285	benign
Q9NV35	E108R	0.2117	benign
Q9NV35	E108S	0.234	benign
Q9NV35	E108T	0.1999	benign
Q9NV35	E108V	0.1518	benign
Q9NV35	E108W	0.7855	pathogenic
Q9NV35	E108Y	0.4922	ambiguous
Q9NV35	P109A	0.1957	benign
Q9NV35	P109C	0.7909	pathogenic
Q9NV35	P109D	0.9706	pathogenic
Q9NV35	P109E	0.8872	pathogenic
Q9NV35	P109F	0.9173	pathogenic
Q9NV35	P109G	0.7603	pathogenic
Q9NV35	P109H	0.884	pathogenic
Q9NV35	P109I	0.5582	ambiguous
Q9NV35	P109K	0.8807	pathogenic
Q9NV35	P109L	0.3639	ambiguous
Q9NV35	P109M	0.7248	pathogenic
Q9NV35	P109N	0.9475	pathogenic
Q9NV35	P109Q	0.8111	pathogenic
Q9NV35	P109R	0.7772	pathogenic
Q9NV35	P109S	0.7055	pathogenic
Q9NV35	P109T	0.5333	ambiguous
Q9NV35	P109V	0.389	ambiguous
Q9NV35	P109W	0.9513	pathogenic
Q9NV35	P109Y	0.931	pathogenic
Q9NV35	K110A	0.2215	benign
Q9NV35	K110C	0.381	ambiguous
Q9NV35	K110D	0.4975	ambiguous
Q9NV35	K110E	0.1059	benign
Q9NV35	K110F	0.567	pathogenic
Q9NV35	K110G	0.3462	ambiguous
Q9NV35	K110H	0.2607	benign
Q9NV35	K110I	0.1705	benign
Q9NV35	K110L	0.2178	benign
Q9NV35	K110M	0.1521	benign
Q9NV35	K110N	0.3631	ambiguous
Q9NV35	K110P	0.7909	pathogenic
Q9NV35	K110Q	0.0937	benign
Q9NV35	K110R	0.0746	benign
Q9NV35	K110S	0.2964	benign
Q9NV35	K110T	0.1212	benign
Q9NV35	K110V	0.145	benign
Q9NV35	K110W	0.5455	ambiguous
Q9NV35	K110Y	0.4925	ambiguous
Q9NV35	N111A	0.6591	pathogenic
Q9NV35	N111C	0.5347	ambiguous
Q9NV35	N111D	0.6903	pathogenic
Q9NV35	N111E	0.8679	pathogenic
Q9NV35	N111F	0.9443	pathogenic
Q9NV35	N111G	0.8181	pathogenic
Q9NV35	N111H	0.6864	pathogenic
Q9NV35	N111I	0.2799	benign
Q9NV35	N111K	0.8561	pathogenic
Q9NV35	N111L	0.4437	ambiguous
Q9NV35	N111M	0.5995	pathogenic
Q9NV35	N111P	0.8136	pathogenic
Q9NV35	N111Q	0.8861	pathogenic
Q9NV35	N111R	0.8448	pathogenic
Q9NV35	N111S	0.4926	ambiguous
Q9NV35	N111T	0.3934	ambiguous
Q9NV35	N111V	0.308	benign
Q9NV35	N111W	0.9639	pathogenic
Q9NV35	N111Y	0.6353	pathogenic
Q9NV35	V112A	0.15	benign
Q9NV35	V112C	0.4553	ambiguous
Q9NV35	V112D	0.4357	ambiguous
Q9NV35	V112E	0.2627	benign
Q9NV35	V112F	0.2	benign
Q9NV35	V112G	0.2108	benign
Q9NV35	V112H	0.4808	ambiguous
Q9NV35	V112I	0.103	benign
Q9NV35	V112K	0.2358	benign
Q9NV35	V112L	0.1517	benign
Q9NV35	V112M	0.1165	benign
Q9NV35	V112N	0.2803	benign
Q9NV35	V112P	0.5128	ambiguous
Q9NV35	V112Q	0.2336	benign
Q9NV35	V112R	0.1508	benign
Q9NV35	V112S	0.2262	benign
Q9NV35	V112T	0.145	benign
Q9NV35	V112W	0.7062	pathogenic
Q9NV35	V112Y	0.5258	ambiguous
Q9NV35	E113A	0.8203	pathogenic
Q9NV35	E113C	0.9408	pathogenic
Q9NV35	E113D	0.9067	pathogenic
Q9NV35	E113F	0.9785	pathogenic
Q9NV35	E113G	0.8726	pathogenic
Q9NV35	E113H	0.9423	pathogenic
Q9NV35	E113I	0.9515	pathogenic
Q9NV35	E113K	0.8687	pathogenic
Q9NV35	E113L	0.9399	pathogenic
Q9NV35	E113M	0.9616	pathogenic
Q9NV35	E113N	0.9665	pathogenic
Q9NV35	E113P	0.9603	pathogenic
Q9NV35	E113Q	0.6957	pathogenic
Q9NV35	E113R	0.8547	pathogenic
Q9NV35	E113S	0.8883	pathogenic
Q9NV35	E113T	0.9468	pathogenic
Q9NV35	E113V	0.9092	pathogenic
Q9NV35	E113W	0.9866	pathogenic
Q9NV35	E113Y	0.9584	pathogenic
Q9NV35	P114A	0.2212	benign
Q9NV35	P114C	0.7519	pathogenic
Q9NV35	P114D	0.7558	pathogenic
Q9NV35	P114E	0.4812	ambiguous
Q9NV35	P114F	0.8226	pathogenic
Q9NV35	P114G	0.6062	pathogenic
Q9NV35	P114H	0.5532	ambiguous
Q9NV35	P114I	0.6185	pathogenic
Q9NV35	P114K	0.4579	ambiguous
Q9NV35	P114L	0.2627	benign
Q9NV35	P114M	0.5578	ambiguous
Q9NV35	P114N	0.7567	pathogenic
Q9NV35	P114Q	0.4192	ambiguous
Q9NV35	P114R	0.3511	ambiguous
Q9NV35	P114S	0.4224	ambiguous
Q9NV35	P114T	0.2955	benign
Q9NV35	P114V	0.4525	ambiguous
Q9NV35	P114W	0.7927	pathogenic
Q9NV35	P114Y	0.7762	pathogenic
Q9NV35	E115A	0.2024	benign
Q9NV35	E115C	0.7274	pathogenic
Q9NV35	E115D	0.1215	benign
Q9NV35	E115F	0.688	pathogenic
Q9NV35	E115G	0.1386	benign
Q9NV35	E115H	0.2875	benign
Q9NV35	E115I	0.4439	ambiguous
Q9NV35	E115K	0.1799	benign
Q9NV35	E115L	0.3652	ambiguous
Q9NV35	E115M	0.4751	ambiguous
Q9NV35	E115N	0.2511	benign
Q9NV35	E115P	0.7604	pathogenic
Q9NV35	E115Q	0.1567	benign
Q9NV35	E115R	0.2676	benign
Q9NV35	E115S	0.2564	benign
Q9NV35	E115T	0.2666	benign
Q9NV35	E115V	0.2856	benign
Q9NV35	E115W	0.7451	pathogenic
Q9NV35	E115Y	0.5108	ambiguous
Q9NV35	K116A	0.8571	pathogenic
Q9NV35	K116C	0.8851	pathogenic
Q9NV35	K116D	0.9112	pathogenic
Q9NV35	K116E	0.6818	pathogenic
Q9NV35	K116F	0.976	pathogenic
Q9NV35	K116G	0.8514	pathogenic
Q9NV35	K116H	0.7797	pathogenic
Q9NV35	K116I	0.8328	pathogenic
Q9NV35	K116L	0.8478	pathogenic
Q9NV35	K116M	0.7157	pathogenic
Q9NV35	K116N	0.8607	pathogenic
Q9NV35	K116P	0.975	pathogenic
Q9NV35	K116Q	0.6547	pathogenic
Q9NV35	K116R	0.2149	benign
Q9NV35	K116S	0.9147	pathogenic
Q9NV35	K116T	0.7771	pathogenic
Q9NV35	K116V	0.8071	pathogenic
Q9NV35	K116W	0.9358	pathogenic
Q9NV35	K116Y	0.8868	pathogenic
Q9NV35	N117A	0.6041	pathogenic
Q9NV35	N117C	0.1177	benign
Q9NV35	N117D	0.6605	pathogenic
Q9NV35	N117E	0.8641	pathogenic
Q9NV35	N117F	0.8983	pathogenic
Q9NV35	N117G	0.7211	pathogenic
Q9NV35	N117H	0.5109	ambiguous
Q9NV35	N117I	0.4117	ambiguous
Q9NV35	N117K	0.9061	pathogenic
Q9NV35	N117L	0.4866	ambiguous
Q9NV35	N117M	0.4882	ambiguous
Q9NV35	N117P	0.9616	pathogenic
Q9NV35	N117Q	0.838	pathogenic
Q9NV35	N117R	0.8976	pathogenic
Q9NV35	N117S	0.3298	benign
Q9NV35	N117T	0.341	ambiguous
Q9NV35	N117V	0.376	ambiguous
Q9NV35	N117W	0.9494	pathogenic
Q9NV35	N117Y	0.5784	pathogenic
Q9NV35	E118A	0.1681	benign
Q9NV35	E118C	0.7806	pathogenic
Q9NV35	E118D	0.1959	benign
Q9NV35	E118F	0.7318	pathogenic
Q9NV35	E118G	0.231	benign
Q9NV35	E118H	0.5208	ambiguous
Q9NV35	E118I	0.3202	benign
Q9NV35	E118K	0.2068	benign
Q9NV35	E118L	0.368	ambiguous
Q9NV35	E118M	0.4471	ambiguous
Q9NV35	E118N	0.4278	ambiguous
Q9NV35	E118P	0.9176	pathogenic
Q9NV35	E118Q	0.1744	benign
Q9NV35	E118R	0.3227	benign
Q9NV35	E118S	0.2868	benign
Q9NV35	E118T	0.2935	benign
Q9NV35	E118V	0.2065	benign
Q9NV35	E118W	0.8757	pathogenic
Q9NV35	E118Y	0.6091	pathogenic
Q9NV35	S119A	0.1001	benign
Q9NV35	S119C	0.094	benign
Q9NV35	S119D	0.2419	benign
Q9NV35	S119E	0.32	benign
Q9NV35	S119F	0.2249	benign
Q9NV35	S119G	0.0506	benign
Q9NV35	S119H	0.2242	benign
Q9NV35	S119I	0.2024	benign
Q9NV35	S119K	0.3188	benign
Q9NV35	S119L	0.1624	benign
Q9NV35	S119M	0.2064	benign
Q9NV35	S119N	0.1282	benign
Q9NV35	S119P	0.7992	pathogenic
Q9NV35	S119Q	0.2858	benign
Q9NV35	S119R	0.2479	benign
Q9NV35	S119T	0.1078	benign
Q9NV35	S119V	0.23	benign
Q9NV35	S119W	0.273	benign
Q9NV35	S119Y	0.1796	benign
Q9NV35	W120A	0.9774	pathogenic
Q9NV35	W120C	0.9807	pathogenic
Q9NV35	W120D	0.9935	pathogenic
Q9NV35	W120E	0.9901	pathogenic
Q9NV35	W120F	0.7795	pathogenic
Q9NV35	W120G	0.9074	pathogenic
Q9NV35	W120H	0.9873	pathogenic
Q9NV35	W120I	0.9653	pathogenic
Q9NV35	W120K	0.9937	pathogenic
Q9NV35	W120L	0.908	pathogenic
Q9NV35	W120M	0.9732	pathogenic
Q9NV35	W120N	0.9946	pathogenic
Q9NV35	W120P	0.9943	pathogenic
Q9NV35	W120Q	0.992	pathogenic
Q9NV35	W120R	0.9815	pathogenic
Q9NV35	W120S	0.9616	pathogenic
Q9NV35	W120T	0.9769	pathogenic
Q9NV35	W120V	0.956	pathogenic
Q9NV35	W120Y	0.9207	pathogenic
Q9NV35	E121A	0.1551	benign
Q9NV35	E121C	0.5605	ambiguous
Q9NV35	E121D	0.2191	benign
Q9NV35	E121F	0.5948	pathogenic
Q9NV35	E121G	0.2028	benign
Q9NV35	E121H	0.3046	benign
Q9NV35	E121I	0.2473	benign
Q9NV35	E121K	0.1088	benign
Q9NV35	E121L	0.2931	benign
Q9NV35	E121M	0.3061	benign
Q9NV35	E121N	0.3019	benign
Q9NV35	E121P	0.9443	pathogenic
Q9NV35	E121Q	0.0914	benign
Q9NV35	E121R	0.1494	benign
Q9NV35	E121S	0.2107	benign
Q9NV35	E121T	0.1724	benign
Q9NV35	E121V	0.1514	benign
Q9NV35	E121W	0.744	pathogenic
Q9NV35	E121Y	0.488	ambiguous
Q9NV35	W122A	0.9839	pathogenic
Q9NV35	W122C	0.9916	pathogenic
Q9NV35	W122D	0.9893	pathogenic
Q9NV35	W122E	0.9917	pathogenic
Q9NV35	W122F	0.6488	pathogenic
Q9NV35	W122G	0.9234	pathogenic
Q9NV35	W122H	0.9886	pathogenic
Q9NV35	W122I	0.9746	pathogenic
Q9NV35	W122K	0.9961	pathogenic
Q9NV35	W122L	0.9492	pathogenic
Q9NV35	W122M	0.9794	pathogenic
Q9NV35	W122N	0.9922	pathogenic
Q9NV35	W122P	0.9931	pathogenic
Q9NV35	W122Q	0.9972	pathogenic
Q9NV35	W122R	0.9931	pathogenic
Q9NV35	W122S	0.9768	pathogenic
Q9NV35	W122T	0.9822	pathogenic
Q9NV35	W122V	0.9757	pathogenic
Q9NV35	W122Y	0.8436	pathogenic
Q9NV35	V123A	0.327	benign
Q9NV35	V123C	0.493	ambiguous
Q9NV35	V123D	0.6766	pathogenic
Q9NV35	V123E	0.4297	ambiguous
Q9NV35	V123F	0.1058	benign
Q9NV35	V123G	0.3145	benign
Q9NV35	V123H	0.3347	benign
Q9NV35	V123I	0.0883	benign
Q9NV35	V123K	0.2152	benign
Q9NV35	V123L	0.2181	benign
Q9NV35	V123M	0.1917	benign
Q9NV35	V123N	0.4463	ambiguous
Q9NV35	V123P	0.9363	pathogenic
Q9NV35	V123Q	0.254	benign
Q9NV35	V123R	0.1588	benign
Q9NV35	V123S	0.3822	ambiguous
Q9NV35	V123T	0.323	benign
Q9NV35	V123W	0.581	pathogenic
Q9NV35	V123Y	0.3198	benign
Q9NV35	P124A	0.0886	benign
Q9NV35	P124C	0.2776	benign
Q9NV35	P124D	0.2882	benign
Q9NV35	P124E	0.2318	benign
Q9NV35	P124F	0.4484	ambiguous
Q9NV35	P124G	0.26	benign
Q9NV35	P124H	0.1451	benign
Q9NV35	P124I	0.3867	ambiguous
Q9NV35	P124K	0.1864	benign
Q9NV35	P124L	0.1178	benign
Q9NV35	P124M	0.3369	benign
Q9NV35	P124N	0.2653	benign
Q9NV35	P124Q	0.1374	benign
Q9NV35	P124R	0.1026	benign
Q9NV35	P124S	0.1074	benign
Q9NV35	P124T	0.1267	benign
Q9NV35	P124V	0.2502	benign
Q9NV35	P124W	0.4874	ambiguous
Q9NV35	P124Y	0.3771	ambiguous
Q9NV35	W125A	0.9312	pathogenic
Q9NV35	W125C	0.9708	pathogenic
Q9NV35	W125D	0.9874	pathogenic
Q9NV35	W125E	0.9741	pathogenic
Q9NV35	W125F	0.5399	ambiguous
Q9NV35	W125G	0.8207	pathogenic
Q9NV35	W125H	0.9718	pathogenic
Q9NV35	W125I	0.9185	pathogenic
Q9NV35	W125K	0.9854	pathogenic
Q9NV35	W125L	0.7667	pathogenic
Q9NV35	W125M	0.921	pathogenic
Q9NV35	W125N	0.9898	pathogenic
Q9NV35	W125P	0.9731	pathogenic
Q9NV35	W125Q	0.9796	pathogenic
Q9NV35	W125R	0.9659	pathogenic
Q9NV35	W125S	0.9037	pathogenic
Q9NV35	W125T	0.9456	pathogenic
Q9NV35	W125V	0.892	pathogenic
Q9NV35	W125Y	0.7683	pathogenic
Q9NV35	E126A	0.1481	benign
Q9NV35	E126C	0.6469	pathogenic
Q9NV35	E126D	0.1001	benign
Q9NV35	E126F	0.6851	pathogenic
Q9NV35	E126G	0.1002	benign
Q9NV35	E126H	0.3081	benign
Q9NV35	E126I	0.4287	ambiguous
Q9NV35	E126K	0.1223	benign
Q9NV35	E126L	0.3487	ambiguous
Q9NV35	E126M	0.4275	ambiguous
Q9NV35	E126N	0.1916	benign
Q9NV35	E126P	0.3994	ambiguous
Q9NV35	E126Q	0.1298	benign
Q9NV35	E126R	0.1718	benign
Q9NV35	E126S	0.1573	benign
Q9NV35	E126T	0.2011	benign
Q9NV35	E126V	0.254	benign
Q9NV35	E126W	0.6957	pathogenic
Q9NV35	E126Y	0.4884	ambiguous
Q9NV35	E127A	0.0936	benign
Q9NV35	E127C	0.4792	ambiguous
Q9NV35	E127D	0.0952	benign
Q9NV35	E127F	0.4872	ambiguous
Q9NV35	E127G	0.101	benign
Q9NV35	E127H	0.2025	benign
Q9NV35	E127I	0.2344	benign
Q9NV35	E127K	0.0891	benign
Q9NV35	E127L	0.2387	benign
Q9NV35	E127M	0.2712	benign
Q9NV35	E127N	0.1317	benign
Q9NV35	E127P	0.5972	pathogenic
Q9NV35	E127Q	0.0853	benign
Q9NV35	E127R	0.1258	benign
Q9NV35	E127S	0.1186	benign
Q9NV35	E127T	0.1272	benign
Q9NV35	E127V	0.1298	benign
Q9NV35	E127W	0.6568	pathogenic
Q9NV35	E127Y	0.3232	benign
Q9NV35	L128A	0.634	pathogenic
Q9NV35	L128C	0.5654	pathogenic
Q9NV35	L128D	0.9072	pathogenic
Q9NV35	L128E	0.8217	pathogenic
Q9NV35	L128F	0.095	benign
Q9NV35	L128G	0.7891	pathogenic
Q9NV35	L128H	0.6952	pathogenic
Q9NV35	L128I	0.1143	benign
Q9NV35	L128K	0.741	pathogenic
Q9NV35	L128M	0.1312	benign
Q9NV35	L128N	0.7586	pathogenic
Q9NV35	L128P	0.6702	pathogenic
Q9NV35	L128Q	0.6719	pathogenic
Q9NV35	L128R	0.6949	pathogenic
Q9NV35	L128S	0.7826	pathogenic
Q9NV35	L128T	0.5877	pathogenic
Q9NV35	L128V	0.1751	benign
Q9NV35	L128W	0.3106	benign
Q9NV35	L128Y	0.386	ambiguous
Q9NV35	P129A	0.2737	benign
Q9NV35	P129C	0.6839	pathogenic
Q9NV35	P129D	0.846	pathogenic
Q9NV35	P129E	0.6393	pathogenic
Q9NV35	P129F	0.7085	pathogenic
Q9NV35	P129G	0.6131	pathogenic
Q9NV35	P129H	0.46	ambiguous
Q9NV35	P129I	0.5089	ambiguous
Q9NV35	P129K	0.529	ambiguous
Q9NV35	P129L	0.2605	benign
Q9NV35	P129M	0.6265	pathogenic
Q9NV35	P129N	0.8048	pathogenic
Q9NV35	P129Q	0.4251	ambiguous
Q9NV35	P129R	0.347	ambiguous
Q9NV35	P129S	0.4583	ambiguous
Q9NV35	P129T	0.3629	ambiguous
Q9NV35	P129V	0.3719	ambiguous
Q9NV35	P129W	0.8028	pathogenic
Q9NV35	P129Y	0.672	pathogenic
Q9NV35	P130A	0.0757	benign
Q9NV35	P130C	0.2326	benign
Q9NV35	P130D	0.1965	benign
Q9NV35	P130E	0.165	benign
Q9NV35	P130F	0.3525	ambiguous
Q9NV35	P130G	0.1745	benign
Q9NV35	P130H	0.1061	benign
Q9NV35	P130I	0.3021	benign
Q9NV35	P130K	0.1481	benign
Q9NV35	P130L	0.1268	benign
Q9NV35	P130M	0.2931	benign
Q9NV35	P130N	0.2106	benign
Q9NV35	P130Q	0.101	benign
Q9NV35	P130R	0.0959	benign
Q9NV35	P130S	0.082	benign
Q9NV35	P130T	0.0982	benign
Q9NV35	P130V	0.1842	benign
Q9NV35	P130W	0.4225	ambiguous
Q9NV35	P130Y	0.2857	benign
Q9NV35	L131A	0.0835	benign
Q9NV35	L131C	0.2773	benign
Q9NV35	L131D	0.2501	benign
Q9NV35	L131E	0.1333	benign
Q9NV35	L131F	0.1338	benign
Q9NV35	L131G	0.1899	benign
Q9NV35	L131H	0.136	benign
Q9NV35	L131I	0.105	benign
Q9NV35	L131K	0.1016	benign
Q9NV35	L131M	0.1086	benign
Q9NV35	L131N	0.2112	benign
Q9NV35	L131P	0.0648	benign
Q9NV35	L131Q	0.09	benign
Q9NV35	L131R	0.0881	benign
Q9NV35	L131S	0.1104	benign
Q9NV35	L131T	0.0995	benign
Q9NV35	L131V	0.0806	benign
Q9NV35	L131W	0.153	benign
Q9NV35	L131Y	0.2279	benign
Q9NV35	D132A	0.1529	benign
Q9NV35	D132C	0.3565	ambiguous
Q9NV35	D132E	0.1035	benign
Q9NV35	D132F	0.4921	ambiguous
Q9NV35	D132G	0.1073	benign
Q9NV35	D132H	0.1143	benign
Q9NV35	D132I	0.3679	ambiguous
Q9NV35	D132K	0.2158	benign
Q9NV35	D132L	0.3081	benign
Q9NV35	D132M	0.5553	ambiguous
Q9NV35	D132N	0.1002	benign
Q9NV35	D132P	0.2281	benign
Q9NV35	D132Q	0.1656	benign
Q9NV35	D132R	0.2051	benign
Q9NV35	D132S	0.0999	benign
Q9NV35	D132T	0.2212	benign
Q9NV35	D132V	0.2396	benign
Q9NV35	D132W	0.588	pathogenic
Q9NV35	D132Y	0.16	benign
Q9NV35	Q133A	0.2416	benign
Q9NV35	Q133C	0.4528	ambiguous
Q9NV35	Q133D	0.302	benign
Q9NV35	Q133E	0.0911	benign
Q9NV35	Q133F	0.6922	pathogenic
Q9NV35	Q133G	0.2291	benign
Q9NV35	Q133H	0.2077	benign
Q9NV35	Q133I	0.443	ambiguous
Q9NV35	Q133K	0.0821	benign
Q9NV35	Q133L	0.185	benign
Q9NV35	Q133M	0.389	ambiguous
Q9NV35	Q133N	0.3084	benign
Q9NV35	Q133P	0.4208	ambiguous
Q9NV35	Q133R	0.0844	benign
Q9NV35	Q133S	0.247	benign
Q9NV35	Q133T	0.2118	benign
Q9NV35	Q133V	0.2838	benign
Q9NV35	Q133W	0.4957	ambiguous
Q9NV35	Q133Y	0.442	ambiguous
Q9NV35	L134A	0.8351	pathogenic
Q9NV35	L134C	0.7463	pathogenic
Q9NV35	L134D	0.9801	pathogenic
Q9NV35	L134E	0.9288	pathogenic
Q9NV35	L134F	0.5575	ambiguous
Q9NV35	L134G	0.9034	pathogenic
Q9NV35	L134H	0.8512	pathogenic
Q9NV35	L134I	0.308	benign
Q9NV35	L134K	0.862	pathogenic
Q9NV35	L134M	0.3004	benign
Q9NV35	L134N	0.904	pathogenic
Q9NV35	L134P	0.9033	pathogenic
Q9NV35	L134Q	0.7639	pathogenic
Q9NV35	L134R	0.7585	pathogenic
Q9NV35	L134S	0.9217	pathogenic
Q9NV35	L134T	0.7696	pathogenic
Q9NV35	L134V	0.2854	benign
Q9NV35	L134W	0.6828	pathogenic
Q9NV35	L134Y	0.7713	pathogenic
Q9NV35	F135A	0.951	pathogenic
Q9NV35	F135C	0.8572	pathogenic
Q9NV35	F135D	0.9799	pathogenic
Q9NV35	F135E	0.9834	pathogenic
Q9NV35	F135G	0.9545	pathogenic
Q9NV35	F135H	0.8648	pathogenic
Q9NV35	F135I	0.9274	pathogenic
Q9NV35	F135K	0.9813	pathogenic
Q9NV35	F135L	0.9835	pathogenic
Q9NV35	F135M	0.9463	pathogenic
Q9NV35	F135N	0.936	pathogenic
Q9NV35	F135P	0.9892	pathogenic
Q9NV35	F135Q	0.9566	pathogenic
Q9NV35	F135R	0.9251	pathogenic
Q9NV35	F135S	0.9023	pathogenic
Q9NV35	F135T	0.9661	pathogenic
Q9NV35	F135V	0.9229	pathogenic
Q9NV35	F135W	0.6733	pathogenic
Q9NV35	F135Y	0.4582	ambiguous
Q9NV35	W136A	0.495	ambiguous
Q9NV35	W136C	0.7204	pathogenic
Q9NV35	W136D	0.8721	pathogenic
Q9NV35	W136E	0.8076	pathogenic
Q9NV35	W136F	0.2413	benign
Q9NV35	W136G	0.3725	ambiguous
Q9NV35	W136H	0.6646	pathogenic
Q9NV35	W136I	0.6651	pathogenic
Q9NV35	W136K	0.8811	pathogenic
Q9NV35	W136L	0.4161	ambiguous
Q9NV35	W136M	0.7159	pathogenic
Q9NV35	W136N	0.8252	pathogenic
Q9NV35	W136P	0.7335	pathogenic
Q9NV35	W136Q	0.8053	pathogenic
Q9NV35	W136R	0.7896	pathogenic
Q9NV35	W136S	0.4517	ambiguous
Q9NV35	W136T	0.5716	pathogenic
Q9NV35	W136V	0.5632	ambiguous
Q9NV35	W136Y	0.4323	ambiguous
Q9NV35	G137A	0.1314	benign
Q9NV35	G137C	0.4615	ambiguous
Q9NV35	G137D	0.8671	pathogenic
Q9NV35	G137E	0.8735	pathogenic
Q9NV35	G137F	0.9418	pathogenic
Q9NV35	G137H	0.9377	pathogenic
Q9NV35	G137I	0.7994	pathogenic
Q9NV35	G137K	0.9698	pathogenic
Q9NV35	G137L	0.8449	pathogenic
Q9NV35	G137M	0.8729	pathogenic
Q9NV35	G137N	0.8104	pathogenic
Q9NV35	G137P	0.339	benign
Q9NV35	G137Q	0.9083	pathogenic
Q9NV35	G137R	0.9341	pathogenic
Q9NV35	G137S	0.2626	benign
Q9NV35	G137T	0.4235	ambiguous
Q9NV35	G137V	0.5647	pathogenic
Q9NV35	G137W	0.9263	pathogenic
Q9NV35	G137Y	0.9347	pathogenic
Q9NV35	L138A	0.8563	pathogenic
Q9NV35	L138C	0.864	pathogenic
Q9NV35	L138D	0.9921	pathogenic
Q9NV35	L138E	0.9651	pathogenic
Q9NV35	L138F	0.4227	ambiguous
Q9NV35	L138G	0.9362	pathogenic
Q9NV35	L138H	0.9228	pathogenic
Q9NV35	L138I	0.2816	benign
Q9NV35	L138K	0.9342	pathogenic
Q9NV35	L138M	0.3623	ambiguous
Q9NV35	L138N	0.9547	pathogenic
Q9NV35	L138P	0.9111	pathogenic
Q9NV35	L138Q	0.8925	pathogenic
Q9NV35	L138R	0.8877	pathogenic
Q9NV35	L138S	0.9443	pathogenic
Q9NV35	L138T	0.8127	pathogenic
Q9NV35	L138V	0.3045	benign
Q9NV35	L138W	0.7173	pathogenic
Q9NV35	L138Y	0.8367	pathogenic
Q9NV35	R139A	0.4019	ambiguous
Q9NV35	R139C	0.1589	benign
Q9NV35	R139D	0.801	pathogenic
Q9NV35	R139E	0.4688	ambiguous
Q9NV35	R139F	0.5539	ambiguous
Q9NV35	R139G	0.3159	benign
Q9NV35	R139H	0.1457	benign
Q9NV35	R139I	0.3553	ambiguous
Q9NV35	R139K	0.1453	benign
Q9NV35	R139L	0.2671	benign
Q9NV35	R139M	0.4411	ambiguous
Q9NV35	R139N	0.6793	pathogenic
Q9NV35	R139P	0.8694	pathogenic
Q9NV35	R139Q	0.117	benign
Q9NV35	R139S	0.5347	ambiguous
Q9NV35	R139T	0.4174	ambiguous
Q9NV35	R139V	0.4062	ambiguous
Q9NV35	R139W	0.2308	benign
Q9NV35	R139Y	0.391	ambiguous
Q9NV35	C140A	0.3382	benign
Q9NV35	C140D	0.5959	pathogenic
Q9NV35	C140E	0.7042	pathogenic
Q9NV35	C140F	0.281	benign
Q9NV35	C140G	0.2223	benign
Q9NV35	C140H	0.438	ambiguous
Q9NV35	C140I	0.4704	ambiguous
Q9NV35	C140K	0.7141	pathogenic
Q9NV35	C140L	0.3907	ambiguous
Q9NV35	C140M	0.5778	pathogenic
Q9NV35	C140N	0.4228	ambiguous
Q9NV35	C140P	0.9422	pathogenic
Q9NV35	C140Q	0.5199	ambiguous
Q9NV35	C140R	0.4342	ambiguous
Q9NV35	C140S	0.2504	benign
Q9NV35	C140T	0.4106	ambiguous
Q9NV35	C140V	0.363	ambiguous
Q9NV35	C140W	0.5685	pathogenic
Q9NV35	C140Y	0.3254	benign
Q9NV35	L141A	0.6233	pathogenic
Q9NV35	L141C	0.6528	pathogenic
Q9NV35	L141D	0.9908	pathogenic
Q9NV35	L141E	0.9455	pathogenic
Q9NV35	L141F	0.3821	ambiguous
Q9NV35	L141G	0.8851	pathogenic
Q9NV35	L141H	0.8723	pathogenic
Q9NV35	L141I	0.2408	benign
Q9NV35	L141K	0.9116	pathogenic
Q9NV35	L141M	0.2386	benign
Q9NV35	L141N	0.9563	pathogenic
Q9NV35	L141P	0.9455	pathogenic
Q9NV35	L141Q	0.7694	pathogenic
Q9NV35	L141R	0.8135	pathogenic
Q9NV35	L141S	0.8864	pathogenic
Q9NV35	L141T	0.7615	pathogenic
Q9NV35	L141V	0.2218	benign
Q9NV35	L141W	0.6938	pathogenic
Q9NV35	L141Y	0.8403	pathogenic
Q9NV35	K142A	0.5732	pathogenic
Q9NV35	K142C	0.7055	pathogenic
Q9NV35	K142D	0.9114	pathogenic
Q9NV35	K142E	0.3598	ambiguous
Q9NV35	K142F	0.7969	pathogenic
Q9NV35	K142G	0.7103	pathogenic
Q9NV35	K142H	0.439	ambiguous
Q9NV35	K142I	0.389	ambiguous
Q9NV35	K142L	0.3818	ambiguous
Q9NV35	K142M	0.2957	benign
Q9NV35	K142N	0.8028	pathogenic
Q9NV35	K142P	0.9573	pathogenic
Q9NV35	K142Q	0.1898	benign
Q9NV35	K142R	0.0774	benign
Q9NV35	K142S	0.7363	pathogenic
Q9NV35	K142T	0.3584	ambiguous
Q9NV35	K142V	0.3455	ambiguous
Q9NV35	K142W	0.6549	pathogenic
Q9NV35	K142Y	0.6433	pathogenic
Q9NV35	E143A	0.1616	benign
Q9NV35	E143C	0.7603	pathogenic
Q9NV35	E143D	0.2528	benign
Q9NV35	E143F	0.7118	pathogenic
Q9NV35	E143G	0.1613	benign
Q9NV35	E143H	0.4442	ambiguous
Q9NV35	E143I	0.351	ambiguous
Q9NV35	E143K	0.1502	benign
Q9NV35	E143L	0.2818	benign
Q9NV35	E143M	0.3724	ambiguous
Q9NV35	E143N	0.3483	ambiguous
Q9NV35	E143P	0.8848	pathogenic
Q9NV35	E143Q	0.1116	benign
Q9NV35	E143R	0.2014	benign
Q9NV35	E143S	0.2685	benign
Q9NV35	E143T	0.2769	benign
Q9NV35	E143V	0.2273	benign
Q9NV35	E143W	0.8051	pathogenic
Q9NV35	E143Y	0.5515	ambiguous
Q9NV35	Q144A	0.3603	ambiguous
Q9NV35	Q144C	0.8952	pathogenic
Q9NV35	Q144D	0.5347	ambiguous
Q9NV35	Q144E	0.1257	benign
Q9NV35	Q144F	0.8797	pathogenic
Q9NV35	Q144G	0.3321	benign
Q9NV35	Q144H	0.6654	pathogenic
Q9NV35	Q144I	0.6965	pathogenic
Q9NV35	Q144K	0.2714	benign
Q9NV35	Q144L	0.3305	benign
Q9NV35	Q144M	0.4478	ambiguous
Q9NV35	Q144N	0.4632	ambiguous
Q9NV35	Q144P	0.8012	pathogenic
Q9NV35	Q144R	0.2928	benign
Q9NV35	Q144S	0.3975	ambiguous
Q9NV35	Q144T	0.3818	ambiguous
Q9NV35	Q144V	0.5838	pathogenic
Q9NV35	Q144W	0.833	pathogenic
Q9NV35	Q144Y	0.7936	pathogenic
Q9NV35	G145A	0.3174	benign
Q9NV35	G145C	0.3585	ambiguous
Q9NV35	G145D	0.216	benign
Q9NV35	G145E	0.2787	benign
Q9NV35	G145F	0.8049	pathogenic
Q9NV35	G145H	0.4958	ambiguous
Q9NV35	G145I	0.6684	pathogenic
Q9NV35	G145K	0.4321	ambiguous
Q9NV35	G145L	0.7076	pathogenic
Q9NV35	G145M	0.7341	pathogenic
Q9NV35	G145N	0.3416	ambiguous
Q9NV35	G145P	0.9175	pathogenic
Q9NV35	G145Q	0.3881	ambiguous
Q9NV35	G145R	0.3723	ambiguous
Q9NV35	G145S	0.2348	benign
Q9NV35	G145T	0.4693	ambiguous
Q9NV35	G145V	0.5397	ambiguous
Q9NV35	G145W	0.6561	pathogenic
Q9NV35	G145Y	0.5939	pathogenic
Q9NV35	Y146A	0.926	pathogenic
Q9NV35	Y146C	0.4485	ambiguous
Q9NV35	Y146D	0.863	pathogenic
Q9NV35	Y146E	0.9544	pathogenic
Q9NV35	Y146F	0.1197	benign
Q9NV35	Y146G	0.8627	pathogenic
Q9NV35	Y146H	0.7179	pathogenic
Q9NV35	Y146I	0.7854	pathogenic
Q9NV35	Y146K	0.9481	pathogenic
Q9NV35	Y146L	0.7851	pathogenic
Q9NV35	Y146M	0.8621	pathogenic
Q9NV35	Y146N	0.7915	pathogenic
Q9NV35	Y146P	0.9828	pathogenic
Q9NV35	Y146Q	0.9416	pathogenic
Q9NV35	Y146R	0.8965	pathogenic
Q9NV35	Y146S	0.8265	pathogenic
Q9NV35	Y146T	0.9167	pathogenic
Q9NV35	Y146V	0.7495	pathogenic
Q9NV35	Y146W	0.4204	ambiguous
Q9NV35	D147A	0.3186	benign
Q9NV35	D147C	0.466	ambiguous
Q9NV35	D147E	0.3238	benign
Q9NV35	D147F	0.614	pathogenic
Q9NV35	D147G	0.5288	ambiguous
Q9NV35	D147H	0.2299	benign
Q9NV35	D147I	0.3783	ambiguous
Q9NV35	D147K	0.5935	pathogenic
Q9NV35	D147L	0.441	ambiguous
Q9NV35	D147M	0.698	pathogenic
Q9NV35	D147N	0.1119	benign
Q9NV35	D147P	0.8621	pathogenic
Q9NV35	D147Q	0.4498	ambiguous
Q9NV35	D147R	0.524	ambiguous
Q9NV35	D147S	0.1835	benign
Q9NV35	D147T	0.3715	ambiguous
Q9NV35	D147V	0.2737	benign
Q9NV35	D147W	0.8634	pathogenic
Q9NV35	D147Y	0.1971	benign
Q9NV35	P148A	0.4893	ambiguous
Q9NV35	P148C	0.8821	pathogenic
Q9NV35	P148D	0.9601	pathogenic
Q9NV35	P148E	0.9249	pathogenic
Q9NV35	P148F	0.9299	pathogenic
Q9NV35	P148G	0.8902	pathogenic
Q9NV35	P148H	0.8783	pathogenic
Q9NV35	P148I	0.6433	pathogenic
Q9NV35	P148K	0.9442	pathogenic
Q9NV35	P148L	0.5843	pathogenic
Q9NV35	P148M	0.8789	pathogenic
Q9NV35	P148N	0.9583	pathogenic
Q9NV35	P148Q	0.9083	pathogenic
Q9NV35	P148R	0.8394	pathogenic
Q9NV35	P148S	0.8191	pathogenic
Q9NV35	P148T	0.6455	pathogenic
Q9NV35	P148V	0.5307	ambiguous
Q9NV35	P148W	0.9696	pathogenic
Q9NV35	P148Y	0.9409	pathogenic
Q9NV35	F149A	0.8876	pathogenic
Q9NV35	F149C	0.7389	pathogenic
Q9NV35	F149D	0.9384	pathogenic
Q9NV35	F149E	0.9101	pathogenic
Q9NV35	F149G	0.8927	pathogenic
Q9NV35	F149H	0.7967	pathogenic
Q9NV35	F149I	0.738	pathogenic
Q9NV35	F149K	0.9304	pathogenic
Q9NV35	F149L	0.911	pathogenic
Q9NV35	F149M	0.7996	pathogenic
Q9NV35	F149N	0.9194	pathogenic
Q9NV35	F149P	0.9873	pathogenic
Q9NV35	F149Q	0.8753	pathogenic
Q9NV35	F149R	0.8526	pathogenic
Q9NV35	F149S	0.839	pathogenic
Q9NV35	F149T	0.8888	pathogenic
Q9NV35	F149V	0.7029	pathogenic
Q9NV35	F149W	0.4421	ambiguous
Q9NV35	F149Y	0.4123	ambiguous
Q9NV35	K150A	0.1816	benign
Q9NV35	K150C	0.4009	ambiguous
Q9NV35	K150D	0.2952	benign
Q9NV35	K150E	0.0977	benign
Q9NV35	K150F	0.574	pathogenic
Q9NV35	K150G	0.1951	benign
Q9NV35	K150H	0.2199	benign
Q9NV35	K150I	0.2774	benign
Q9NV35	K150L	0.203	benign
Q9NV35	K150M	0.1833	benign
Q9NV35	K150N	0.2559	benign
Q9NV35	K150P	0.4492	ambiguous
Q9NV35	K150Q	0.0938	benign
Q9NV35	K150R	0.0699	benign
Q9NV35	K150S	0.2026	benign
Q9NV35	K150T	0.1074	benign
Q9NV35	K150V	0.2239	benign
Q9NV35	K150W	0.4903	ambiguous
Q9NV35	K150Y	0.4431	ambiguous
Q9NV35	E151A	0.1675	benign
Q9NV35	E151C	0.6952	pathogenic
Q9NV35	E151D	0.1349	benign
Q9NV35	E151F	0.6811	pathogenic
Q9NV35	E151G	0.1104	benign
Q9NV35	E151H	0.4336	ambiguous
Q9NV35	E151I	0.4241	ambiguous
Q9NV35	E151K	0.1597	benign
Q9NV35	E151L	0.3947	ambiguous
Q9NV35	E151M	0.4671	ambiguous
Q9NV35	E151N	0.2732	benign
Q9NV35	E151P	0.321	benign
Q9NV35	E151Q	0.166	benign
Q9NV35	E151R	0.226	benign
Q9NV35	E151S	0.2338	benign
Q9NV35	E151T	0.2331	benign
Q9NV35	E151V	0.2387	benign
Q9NV35	E151W	0.7557	pathogenic
Q9NV35	E151Y	0.5103	ambiguous
Q9NV35	D152A	0.1434	benign
Q9NV35	D152C	0.3279	benign
Q9NV35	D152E	0.129	benign
Q9NV35	D152F	0.3774	ambiguous
Q9NV35	D152G	0.116	benign
Q9NV35	D152H	0.1529	benign
Q9NV35	D152I	0.2357	benign
Q9NV35	D152K	0.2161	benign
Q9NV35	D152L	0.2714	benign
Q9NV35	D152M	0.4516	ambiguous
Q9NV35	D152N	0.0967	benign
Q9NV35	D152P	0.3187	benign
Q9NV35	D152Q	0.1912	benign
Q9NV35	D152R	0.2173	benign
Q9NV35	D152S	0.1211	benign
Q9NV35	D152T	0.1757	benign
Q9NV35	D152V	0.1463	benign
Q9NV35	D152W	0.6104	pathogenic
Q9NV35	D152Y	0.1311	benign
Q9NV35	L153A	0.1506	benign
Q9NV35	L153C	0.223	benign
Q9NV35	L153D	0.2957	benign
Q9NV35	L153E	0.1715	benign
Q9NV35	L153F	0.0881	benign
Q9NV35	L153G	0.2242	benign
Q9NV35	L153H	0.137	benign
Q9NV35	L153I	0.0868	benign
Q9NV35	L153K	0.1227	benign
Q9NV35	L153M	0.103	benign
Q9NV35	L153N	0.2151	benign
Q9NV35	L153P	0.1251	benign
Q9NV35	L153Q	0.1073	benign
Q9NV35	L153R	0.0964	benign
Q9NV35	L153S	0.1533	benign
Q9NV35	L153T	0.1316	benign
Q9NV35	L153V	0.0819	benign
Q9NV35	L153W	0.1086	benign
Q9NV35	L153Y	0.1875	benign
Q9NV35	N154A	0.122	benign
Q9NV35	N154C	0.1309	benign
Q9NV35	N154D	0.0691	benign
Q9NV35	N154E	0.1366	benign
Q9NV35	N154F	0.3063	benign
Q9NV35	N154G	0.1354	benign
Q9NV35	N154H	0.0695	benign
Q9NV35	N154I	0.1484	benign
Q9NV35	N154K	0.1222	benign
Q9NV35	N154L	0.1456	benign
Q9NV35	N154M	0.2528	benign
Q9NV35	N154P	0.1667	benign
Q9NV35	N154Q	0.1359	benign
Q9NV35	N154R	0.1232	benign
Q9NV35	N154S	0.0656	benign
Q9NV35	N154T	0.0954	benign
Q9NV35	N154V	0.1449	benign
Q9NV35	N154W	0.3508	ambiguous
Q9NV35	N154Y	0.1027	benign
Q9NV35	H155A	0.2885	benign
Q9NV35	H155C	0.17	benign
Q9NV35	H155D	0.1921	benign
Q9NV35	H155E	0.3019	benign
Q9NV35	H155F	0.2966	benign
Q9NV35	H155G	0.2732	benign
Q9NV35	H155I	0.3007	benign
Q9NV35	H155K	0.3166	benign
Q9NV35	H155L	0.1517	benign
Q9NV35	H155M	0.4857	ambiguous
Q9NV35	H155N	0.1392	benign
Q9NV35	H155P	0.1121	benign
Q9NV35	H155Q	0.2586	benign
Q9NV35	H155R	0.1605	benign
Q9NV35	H155S	0.223	benign
Q9NV35	H155T	0.2803	benign
Q9NV35	H155V	0.266	benign
Q9NV35	H155W	0.33	benign
Q9NV35	H155Y	0.1152	benign
Q9NV35	L156A	0.2194	benign
Q9NV35	L156C	0.3884	ambiguous
Q9NV35	L156D	0.5607	ambiguous
Q9NV35	L156E	0.3037	benign
Q9NV35	L156F	0.1479	benign
Q9NV35	L156G	0.3799	ambiguous
Q9NV35	L156H	0.2281	benign
Q9NV35	L156I	0.1088	benign
Q9NV35	L156K	0.2314	benign
Q9NV35	L156M	0.1367	benign
Q9NV35	L156N	0.4276	ambiguous
Q9NV35	L156P	0.2033	benign
Q9NV35	L156Q	0.1812	benign
Q9NV35	L156R	0.1533	benign
Q9NV35	L156S	0.2794	benign
Q9NV35	L156T	0.2001	benign
Q9NV35	L156V	0.0968	benign
Q9NV35	L156W	0.2041	benign
Q9NV35	L156Y	0.3498	ambiguous
Q9NV35	V157A	0.0776	benign
Q9NV35	V157C	0.3756	ambiguous
Q9NV35	V157D	0.1151	benign
Q9NV35	V157E	0.0963	benign
Q9NV35	V157F	0.1102	benign
Q9NV35	V157G	0.0915	benign
Q9NV35	V157H	0.1954	benign
Q9NV35	V157I	0.0919	benign
Q9NV35	V157K	0.1042	benign
Q9NV35	V157L	0.1293	benign
Q9NV35	V157M	0.15	benign
Q9NV35	V157N	0.1449	benign
Q9NV35	V157P	0.1504	benign
Q9NV35	V157Q	0.1151	benign
Q9NV35	V157R	0.0849	benign
Q9NV35	V157S	0.097	benign
Q9NV35	V157T	0.0949	benign
Q9NV35	V157W	0.3921	ambiguous
Q9NV35	V157Y	0.2659	benign
Q9NV35	G158A	0.1341	benign
Q9NV35	G158C	0.1771	benign
Q9NV35	G158D	0.2097	benign
Q9NV35	G158E	0.2109	benign
Q9NV35	G158F	0.4525	ambiguous
Q9NV35	G158H	0.3494	ambiguous
Q9NV35	G158I	0.2711	benign
Q9NV35	G158K	0.3676	ambiguous
Q9NV35	G158L	0.3734	ambiguous
Q9NV35	G158M	0.4762	ambiguous
Q9NV35	G158N	0.3202	benign
Q9NV35	G158P	0.4176	ambiguous
Q9NV35	G158Q	0.3151	benign
Q9NV35	G158R	0.2509	benign
Q9NV35	G158S	0.1326	benign
Q9NV35	G158T	0.1779	benign
Q9NV35	G158V	0.1896	benign
Q9NV35	G158W	0.3003	benign
Q9NV35	G158Y	0.3288	benign
Q9NV35	Y159A	0.4066	ambiguous
Q9NV35	Y159C	0.128	benign
Q9NV35	Y159D	0.2568	benign
Q9NV35	Y159E	0.435	ambiguous
Q9NV35	Y159F	0.1025	benign
Q9NV35	Y159G	0.2615	benign
Q9NV35	Y159H	0.2417	benign
Q9NV35	Y159I	0.4008	ambiguous
Q9NV35	Y159K	0.4056	ambiguous
Q9NV35	Y159L	0.3858	ambiguous
Q9NV35	Y159M	0.5265	ambiguous
Q9NV35	Y159N	0.2224	benign
Q9NV35	Y159P	0.5019	ambiguous
Q9NV35	Y159Q	0.3995	ambiguous
Q9NV35	Y159R	0.3051	benign
Q9NV35	Y159S	0.2142	benign
Q9NV35	Y159T	0.3811	ambiguous
Q9NV35	Y159V	0.3128	benign
Q9NV35	Y159W	0.2612	benign
Q9NV35	K160A	0.208	benign
Q9NV35	K160C	0.4133	ambiguous
Q9NV35	K160D	0.319	benign
Q9NV35	K160E	0.1223	benign
Q9NV35	K160F	0.5659	pathogenic
Q9NV35	K160G	0.218	benign
Q9NV35	K160H	0.2069	benign
Q9NV35	K160I	0.284	benign
Q9NV35	K160L	0.2725	benign
Q9NV35	K160M	0.2185	benign
Q9NV35	K160N	0.2861	benign
Q9NV35	K160P	0.3423	ambiguous
Q9NV35	K160Q	0.1044	benign
Q9NV35	K160R	0.0696	benign
Q9NV35	K160S	0.2384	benign
Q9NV35	K160T	0.1147	benign
Q9NV35	K160V	0.2545	benign
Q9NV35	K160W	0.5227	ambiguous
Q9NV35	K160Y	0.4293	ambiguous
Q9NV35	G161A	0.1884	benign
Q9NV35	G161C	0.2715	benign
Q9NV35	G161D	0.2188	benign
Q9NV35	G161E	0.1964	benign
Q9NV35	G161F	0.6351	pathogenic
Q9NV35	G161H	0.5014	ambiguous
Q9NV35	G161I	0.3736	ambiguous
Q9NV35	G161K	0.3991	ambiguous
Q9NV35	G161L	0.512	ambiguous
Q9NV35	G161M	0.5456	ambiguous
Q9NV35	G161N	0.3665	ambiguous
Q9NV35	G161P	0.5931	pathogenic
Q9NV35	G161Q	0.3859	ambiguous
Q9NV35	G161R	0.3492	ambiguous
Q9NV35	G161S	0.1886	benign
Q9NV35	G161T	0.258	benign
Q9NV35	G161V	0.2494	benign
Q9NV35	G161W	0.3877	ambiguous
Q9NV35	G161Y	0.4404	ambiguous
Q9NV35	N162A	0.1413	benign
Q9NV35	N162C	0.1331	benign
Q9NV35	N162D	0.0968	benign
Q9NV35	N162E	0.147	benign
Q9NV35	N162F	0.2731	benign
Q9NV35	N162G	0.1655	benign
Q9NV35	N162H	0.0768	benign
Q9NV35	N162I	0.1303	benign
Q9NV35	N162K	0.1169	benign
Q9NV35	N162L	0.1587	benign
Q9NV35	N162M	0.2341	benign
Q9NV35	N162P	0.214	benign
Q9NV35	N162Q	0.1393	benign
Q9NV35	N162R	0.112	benign
Q9NV35	N162S	0.0784	benign
Q9NV35	N162T	0.0996	benign
Q9NV35	N162V	0.1414	benign
Q9NV35	N162W	0.3834	ambiguous
Q9NV35	N162Y	0.1017	benign
Q9NV35	H163A	0.1799	benign
Q9NV35	H163C	0.1325	benign
Q9NV35	H163D	0.1408	benign
Q9NV35	H163E	0.199	benign
Q9NV35	H163F	0.2107	benign
Q9NV35	H163G	0.1922	benign
Q9NV35	H163I	0.2073	benign
Q9NV35	H163K	0.1819	benign
Q9NV35	H163L	0.1241	benign
Q9NV35	H163M	0.3598	ambiguous
Q9NV35	H163N	0.0974	benign
Q9NV35	H163P	0.1069	benign
Q9NV35	H163Q	0.1534	benign
Q9NV35	H163R	0.097	benign
Q9NV35	H163S	0.1431	benign
Q9NV35	H163T	0.1722	benign
Q9NV35	H163V	0.1893	benign
Q9NV35	H163W	0.2746	benign
Q9NV35	H163Y	0.0912	benign
Q9NV35	L164A	0.1628	benign
Q9NV35	L164C	0.1868	benign
Q9NV35	L164D	0.4719	ambiguous
Q9NV35	L164E	0.2496	benign
Q9NV35	L164F	0.0902	benign
Q9NV35	L164G	0.3553	ambiguous
Q9NV35	L164H	0.219	benign
Q9NV35	L164I	0.0827	benign
Q9NV35	L164K	0.1825	benign
Q9NV35	L164M	0.109	benign
Q9NV35	L164N	0.3028	benign
Q9NV35	L164P	0.2072	benign
Q9NV35	L164Q	0.1383	benign
Q9NV35	L164R	0.1387	benign
Q9NV35	L164S	0.2155	benign
Q9NV35	L164T	0.1504	benign
Q9NV35	L164V	0.0697	benign
Q9NV35	L164W	0.154	benign
Q9NV35	L164Y	0.1949	benign
